document_family,family_type,reviewed_documents,member_documents,distinct_archives,distinct_reviewers,models_represented,modernised_tokens,included_annotations,included_assignments,pooled_annotations_per_1000_tokens,minimum_document_annotation_rate,median_document_annotation_rate,maximum_document_annotation_rate,flagged_documents,model_1,model_1_documents,model_2,model_2_documents
utblac_gg_mss_g62,repeated,4,utblac_gg_mss_g62_duplicated_03 | utblac_gg_mss_g62_duplicated_09 | utblac_gg_mss_g62_duplicated_11 | utblac_gg_mss_g62_duplicated_15,1,3,1,726,37,38,50.964187327823694,34.285714285714285,55.186658506731945,59.78260869565218,0,GPT OSS 120B · 8 000 TPM,0,Llama 3.3 70B · 12 000 TPM,4
utblac_wbs_888,repeated,2,utblac_wbs_888_duplicated_1 | utblac_wbs_888_duplicated_2,1,1,1,305,2,2,6.557377049180328,0.0,3.472222222222222,6.944444444444444,0,GPT OSS 120B · 8 000 TPM,0,Llama 3.3 70B · 12 000 TPM,2
BnF_267_23,singleton,1,BnF_267_23,1,1,1,226,83,85,367.2566371681416,367.2566371681416,367.2566371681416,367.2566371681416,1,GPT OSS 120B · 8 000 TPM,0,Llama 3.3 70B · 12 000 TPM,1
BnF_267_03,singleton,1,BnF_267_03,1,1,1,227,79,79,348.01762114537445,348.01762114537445,348.01762114537445,348.01762114537445,1,GPT OSS 120B · 8 000 TPM,0,Llama 3.3 70B · 12 000 TPM,1
BnF_032_15,singleton,1,BnF_032_15,1,1,1,12,4,5,333.3333333333333,333.3333333333333,333.3333333333333,333.3333333333333,1,GPT OSS 120B · 8 000 TPM,1,Llama 3.3 70B · 12 000 TPM,0
BnF_032_36,singleton,1,BnF_032_36,1,1,1,303,99,105,326.73267326732673,326.7326732673268,326.7326732673268,326.7326732673268,1,GPT OSS 120B · 8 000 TPM,1,Llama 3.3 70B · 12 000 TPM,0
AGN_GralParte_v006_exp617_01,singleton,1,AGN_GralParte_v006_exp617_01,1,1,1,459,141,168,307.18954248366015,307.18954248366015,307.18954248366015,307.18954248366015,1,GPT OSS 120B · 8 000 TPM,1,Llama 3.3 70B · 12 000 TPM,0
AGN_Inquisicion_v1570A_exp134_fs159-160v_04,singleton,1,AGN_Inquisicion_v1570A_exp134_fs159-160v_04,1,1,1,10,3,3,300.0,300.0,300.0,300.0,1,GPT OSS 120B · 8 000 TPM,1,Llama 3.3 70B · 12 000 TPM,0
BnF_112_02,singleton,1,BnF_112_02,1,1,1,290,86,108,296.551724137931,296.551724137931,296.551724137931,296.551724137931,1,GPT OSS 120B · 8 000 TPM,1,Llama 3.3 70B · 12 000 TPM,0
BnF_113_22,singleton,1,BnF_113_22,1,1,1,350,88,94,251.42857142857144,251.42857142857144,251.42857142857144,251.42857142857144,1,GPT OSS 120B · 8 000 TPM,1,Llama 3.3 70B · 12 000 TPM,0
AGI_INDIFERENTE_2065_N45_09,singleton,1,AGI_INDIFERENTE_2065_N45_09,1,1,1,191,46,52,240.83769633507853,240.83769633507853,240.83769633507853,240.83769633507853,1,GPT OSS 120B · 8 000 TPM,1,Llama 3.3 70B · 12 000 TPM,0
AGN_Mercedes_v003_exp520,singleton,1,AGN_Mercedes_v003_exp520,1,1,1,455,109,122,239.56043956043956,239.5604395604396,239.5604395604396,239.5604395604396,1,GPT OSS 120B · 8 000 TPM,1,Llama 3.3 70B · 12 000 TPM,0
BnF_112_04,singleton,1,BnF_112_04,1,1,1,277,66,72,238.26714801444044,238.26714801444044,238.26714801444044,238.26714801444044,1,GPT OSS 120B · 8 000 TPM,1,Llama 3.3 70B · 12 000 TPM,0
BnF_111_20,singleton,1,BnF_111_20,1,1,1,459,109,115,237.47276688453158,237.4727668845316,237.4727668845316,237.4727668845316,1,GPT OSS 120B · 8 000 TPM,1,Llama 3.3 70B · 12 000 TPM,0
BnF_075_026,singleton,1,BnF_075_026,1,1,1,202,46,50,227.72277227722773,227.72277227722773,227.72277227722773,227.72277227722773,1,GPT OSS 120B · 8 000 TPM,0,Llama 3.3 70B · 12 000 TPM,1
AGI_CONTRATACION_1183_N8_78,singleton,1,AGI_CONTRATACION_1183_N8_78,1,1,1,137,30,30,218.97810218978103,218.97810218978103,218.97810218978103,218.97810218978103,1,GPT OSS 120B · 8 000 TPM,1,Llama 3.3 70B · 12 000 TPM,0
AGN_AHHacienda_v268_exp046_01,singleton,1,AGN_AHHacienda_v268_exp046_01,1,1,1,172,36,36,209.30232558139537,209.30232558139537,209.30232558139537,209.30232558139537,1,GPT OSS 120B · 8 000 TPM,1,Llama 3.3 70B · 12 000 TPM,0
BnF_104_2,singleton,1,BnF_104_2,1,1,1,328,68,88,207.3170731707317,207.3170731707317,207.3170731707317,207.3170731707317,1,GPT OSS 120B · 8 000 TPM,1,Llama 3.3 70B · 12 000 TPM,0
BNE_ms3047_1,singleton,1,BNE_ms3047_1,1,1,1,513,103,113,200.77972709551656,200.77972709551656,200.77972709551656,200.77972709551656,1,GPT OSS 120B · 8 000 TPM,1,Llama 3.3 70B · 12 000 TPM,0
BnF_112_23,singleton,1,BnF_112_23,1,1,1,390,77,81,197.43589743589743,197.43589743589743,197.43589743589743,197.43589743589743,1,GPT OSS 120B · 8 000 TPM,1,Llama 3.3 70B · 12 000 TPM,0
AGI_PATRONATO_182_R3_01,singleton,1,AGI_PATRONATO_182_R3_01,1,1,1,293,57,66,194.5392491467577,194.5392491467577,194.5392491467577,194.5392491467577,0,GPT OSS 120B · 8 000 TPM,1,Llama 3.3 70B · 12 000 TPM,0
AGI_INDIFERENTE_1529_N36_07,singleton,1,AGI_INDIFERENTE_1529_N36_07,1,1,1,327,62,75,189.60244648318042,189.6024464831804,189.6024464831804,189.6024464831804,0,GPT OSS 120B · 8 000 TPM,0,Llama 3.3 70B · 12 000 TPM,1
Mechoacan_Yurirapundaro_2,singleton,1,Mechoacan_Yurirapundaro_2,1,1,1,54,10,12,185.18518518518516,185.1851851851852,185.1851851851852,185.1851851851852,0,GPT OSS 120B · 8 000 TPM,0,Llama 3.3 70B · 12 000 TPM,1
AGN_RealesCedDup_v050_exp062,singleton,1,AGN_RealesCedDup_v050_exp062,1,1,1,262,48,60,183.206106870229,183.206106870229,183.206106870229,183.206106870229,0,GPT OSS 120B · 8 000 TPM,1,Llama 3.3 70B · 12 000 TPM,0
AGI_PATRONATO_182_R3_04,singleton,1,AGI_PATRONATO_182_R3_04,1,1,1,223,40,48,179.37219730941703,179.37219730941703,179.37219730941703,179.37219730941703,0,GPT OSS 120B · 8 000 TPM,1,Llama 3.3 70B · 12 000 TPM,0
BnF_118_08,singleton,1,BnF_118_08,1,1,1,268,48,49,179.1044776119403,179.1044776119403,179.1044776119403,179.1044776119403,0,GPT OSS 120B · 8 000 TPM,0,Llama 3.3 70B · 12 000 TPM,1
BnF_075_003,singleton,1,BnF_075_003,1,1,1,289,50,51,173.01038062283735,173.01038062283737,173.01038062283737,173.01038062283737,0,GPT OSS 120B · 8 000 TPM,0,Llama 3.3 70B · 12 000 TPM,1
BnF_113_04,singleton,1,BnF_113_04,1,1,1,310,51,62,164.51612903225808,164.51612903225808,164.51612903225808,164.51612903225808,0,GPT OSS 120B · 8 000 TPM,1,Llama 3.3 70B · 12 000 TPM,0
BnF_075_035,singleton,1,BnF_075_035,1,1,1,219,36,41,164.3835616438356,164.3835616438356,164.3835616438356,164.3835616438356,0,GPT OSS 120B · 8 000 TPM,0,Llama 3.3 70B · 12 000 TPM,1
AGI_CONTRATACION_1089_N8_151,singleton,1,AGI_CONTRATACION_1089_N8_151,1,1,1,304,48,50,157.89473684210526,157.89473684210526,157.89473684210526,157.89473684210526,0,GPT OSS 120B · 8 000 TPM,0,Llama 3.3 70B · 12 000 TPM,1
AGS_CE_RG_L379_01,singleton,1,AGS_CE_RG_L379_01,1,1,1,83,13,16,156.6265060240964,156.6265060240964,156.6265060240964,156.6265060240964,0,GPT OSS 120B · 8 000 TPM,1,Llama 3.3 70B · 12 000 TPM,0
BnF_112_25,singleton,1,BnF_112_25,1,1,1,269,42,53,156.13382899628252,156.13382899628252,156.13382899628252,156.13382899628252,0,GPT OSS 120B · 8 000 TPM,1,Llama 3.3 70B · 12 000 TPM,0
AGN_Indios_v019_exp354_2,singleton,1,AGN_Indios_v019_exp354_2,1,1,1,559,87,90,155.6350626118068,155.6350626118068,155.6350626118068,155.6350626118068,1,GPT OSS 120B · 8 000 TPM,1,Llama 3.3 70B · 12 000 TPM,0
AGN_HospJesus_c205_exp041_04,singleton,1,AGN_HospJesus_c205_exp041_04,1,1,1,142,22,22,154.9295774647887,154.9295774647887,154.9295774647887,154.9295774647887,0,GPT OSS 120B · 8 000 TPM,0,Llama 3.3 70B · 12 000 TPM,1
BnF_030_27,singleton,1,BnF_030_27,1,1,1,278,43,53,154.67625899280577,154.67625899280577,154.67625899280577,154.67625899280577,0,GPT OSS 120B · 8 000 TPM,1,Llama 3.3 70B · 12 000 TPM,0
AGN_Indios_v009_exp003_fs4v-5_01,singleton,1,AGN_Indios_v009_exp003_fs4v-5_01,1,1,1,272,42,46,154.41176470588235,154.41176470588235,154.41176470588235,154.41176470588235,0,GPT OSS 120B · 8 000 TPM,1,Llama 3.3 70B · 12 000 TPM,0
BnF_032_23,singleton,1,BnF_032_23,1,1,1,648,100,103,154.320987654321,154.320987654321,154.320987654321,154.320987654321,1,GPT OSS 120B · 8 000 TPM,0,Llama 3.3 70B · 12 000 TPM,1
UIA_Ms149_Exp2_51,singleton,1,UIA_Ms149_Exp2_51,1,1,1,391,58,66,148.33759590792837,148.33759590792835,148.33759590792835,148.33759590792835,0,GPT OSS 120B · 8 000 TPM,0,Llama 3.3 70B · 12 000 TPM,1
BnF_118_02,singleton,1,BnF_118_02,1,1,1,27,4,4,148.14814814814815,148.14814814814815,148.14814814814815,148.14814814814815,0,GPT OSS 120B · 8 000 TPM,0,Llama 3.3 70B · 12 000 TPM,1
AGN_RealesCedDup_v030_exp874,singleton,1,AGN_RealesCedDup_v030_exp874,1,1,1,644,95,105,147.51552795031057,147.51552795031057,147.51552795031057,147.51552795031057,1,GPT OSS 120B · 8 000 TPM,1,Llama 3.3 70B · 12 000 TPM,0
AGN_Tierras_v039-2_exp003_72,singleton,1,AGN_Tierras_v039-2_exp003_72,1,1,1,177,26,41,146.89265536723164,146.89265536723164,146.89265536723164,146.89265536723164,0,GPT OSS 120B · 8 000 TPM,1,Llama 3.3 70B · 12 000 TPM,0
BnF_116_02,singleton,1,BnF_116_02,1,1,1,273,38,49,139.1941391941392,139.1941391941392,139.1941391941392,139.1941391941392,0,GPT OSS 120B · 8 000 TPM,1,Llama 3.3 70B · 12 000 TPM,0
BnF_174_03,singleton,1,BnF_174_03,1,1,1,701,96,104,136.9472182596291,136.9472182596291,136.9472182596291,136.9472182596291,1,GPT OSS 120B · 8 000 TPM,0,Llama 3.3 70B · 12 000 TPM,1
BnF_112_08,singleton,1,BnF_112_08,1,1,1,309,41,45,132.68608414239483,132.68608414239483,132.68608414239483,132.68608414239483,0,GPT OSS 120B · 8 000 TPM,0,Llama 3.3 70B · 12 000 TPM,1
AGN_GralParte_v001_exp1020_02,singleton,1,AGN_GralParte_v001_exp1020_02,1,1,1,38,5,9,131.57894736842104,131.57894736842104,131.57894736842104,131.57894736842104,0,GPT OSS 120B · 8 000 TPM,0,Llama 3.3 70B · 12 000 TPM,1
AGN_IndiferenteVirreinal_caja4071_exp024_2,singleton,1,AGN_IndiferenteVirreinal_caja4071_exp024_2,1,1,1,137,18,23,131.38686131386862,131.38686131386862,131.38686131386862,131.38686131386862,0,GPT OSS 120B · 8 000 TPM,1,Llama 3.3 70B · 12 000 TPM,0
AMP_AC_v021__doc026_1,singleton,1,AMP_AC_v021__doc026_1,1,1,1,188,24,34,127.6595744680851,127.6595744680851,127.6595744680851,127.6595744680851,0,GPT OSS 120B · 8 000 TPM,1,Llama 3.3 70B · 12 000 TPM,0
BP_CM_R481_071_3,singleton,1,BP_CM_R481_071_3,1,1,1,47,6,7,127.6595744680851,127.6595744680851,127.6595744680851,127.6595744680851,0,GPT OSS 120B · 8 000 TPM,0,Llama 3.3 70B · 12 000 TPM,1
AGN_AHHacienda_v1292_exp135,singleton,1,AGN_AHHacienda_v1292_exp135,1,1,1,411,52,54,126.52068126520682,126.52068126520682,126.52068126520682,126.52068126520682,0,GPT OSS 120B · 8 000 TPM,1,Llama 3.3 70B · 12 000 TPM,0
BnF_113_43,singleton,1,BnF_113_43,1,1,1,176,22,22,125.0,125.0,125.0,125.0,0,GPT OSS 120B · 8 000 TPM,0,Llama 3.3 70B · 12 000 TPM,1
AGN_HospJesus_c474_leg267-2_exp024_7473-7537_10,singleton,1,AGN_HospJesus_c474_leg267-2_exp024_7473-7537_10,1,1,1,285,35,35,122.80701754385964,122.80701754385964,122.80701754385964,122.80701754385964,0,GPT OSS 120B · 8 000 TPM,0,Llama 3.3 70B · 12 000 TPM,1
BnF_117_13,singleton,1,BnF_117_13,1,1,1,148,18,22,121.62162162162163,121.62162162162164,121.62162162162164,121.62162162162164,0,GPT OSS 120B · 8 000 TPM,0,Llama 3.3 70B · 12 000 TPM,1
LoC_HPKraus_146_new_13,singleton,1,LoC_HPKraus_146_new_13,1,1,1,148,18,18,121.62162162162163,121.62162162162164,121.62162162162164,121.62162162162164,0,GPT OSS 120B · 8 000 TPM,0,Llama 3.3 70B · 12 000 TPM,1
BnF_032_33,singleton,1,BnF_032_33,1,1,1,354,42,51,118.64406779661017,118.64406779661016,118.64406779661016,118.64406779661016,0,GPT OSS 120B · 8 000 TPM,0,Llama 3.3 70B · 12 000 TPM,1
BnF_116_08,singleton,1,BnF_116_08,1,1,1,43,5,6,116.27906976744185,116.27906976744184,116.27906976744184,116.27906976744184,0,GPT OSS 120B · 8 000 TPM,0,Llama 3.3 70B · 12 000 TPM,1
AGN_AHHacienda_v268_exp046_03,singleton,1,AGN_AHHacienda_v268_exp046_03,1,1,1,181,21,22,116.02209944751381,116.0220994475138,116.0220994475138,116.0220994475138,0,GPT OSS 120B · 8 000 TPM,0,Llama 3.3 70B · 12 000 TPM,1
BNE_ms3047_4,singleton,1,BNE_ms3047_4,1,1,1,485,56,56,115.4639175257732,115.4639175257732,115.4639175257732,115.4639175257732,0,GPT OSS 120B · 8 000 TPM,1,Llama 3.3 70B · 12 000 TPM,0
AGN_Marina_v004_exp006_014,singleton,1,AGN_Marina_v004_exp006_014,1,1,1,70,8,9,114.28571428571428,114.28571428571428,114.28571428571428,114.28571428571428,0,GPT OSS 120B · 8 000 TPM,1,Llama 3.3 70B · 12 000 TPM,0
BnF_266_05,singleton,1,BnF_266_05,1,1,1,884,100,192,113.12217194570135,113.12217194570135,113.12217194570135,113.12217194570135,1,GPT OSS 120B · 8 000 TPM,0,Llama 3.3 70B · 12 000 TPM,1
BnF_243_16,singleton,1,BnF_243_16,1,1,1,417,47,56,112.70983213429255,112.70983213429255,112.70983213429255,112.70983213429255,0,GPT OSS 120B · 8 000 TPM,0,Llama 3.3 70B · 12 000 TPM,1
BnF_118_03,singleton,1,BnF_118_03,1,1,1,318,34,34,106.9182389937107,106.9182389937107,106.9182389937107,106.9182389937107,0,GPT OSS 120B · 8 000 TPM,0,Llama 3.3 70B · 12 000 TPM,1
BnF_243_12,singleton,1,BnF_243_12,1,1,1,77,8,10,103.89610389610391,103.89610389610392,103.89610389610392,103.89610389610392,0,GPT OSS 120B · 8 000 TPM,0,Llama 3.3 70B · 12 000 TPM,1
AGN_GralParte_v006_exp617_02,singleton,1,AGN_GralParte_v006_exp617_02,1,1,1,446,46,54,103.13901345291481,103.1390134529148,103.1390134529148,103.1390134529148,0,GPT OSS 120B · 8 000 TPM,0,Llama 3.3 70B · 12 000 TPM,1
BP_CM_R481_016,singleton,1,BP_CM_R481_016,1,1,1,108,11,14,101.85185185185185,101.85185185185183,101.85185185185183,101.85185185185183,0,GPT OSS 120B · 8 000 TPM,0,Llama 3.3 70B · 12 000 TPM,1
BnF_030_22,singleton,1,BnF_030_22,1,1,1,383,39,48,101.82767624020887,101.82767624020887,101.82767624020887,101.82767624020887,0,GPT OSS 120B · 8 000 TPM,0,Llama 3.3 70B · 12 000 TPM,1
BnF_110_29,singleton,1,BnF_110_29,1,1,1,100,10,12,100.0,100.0,100.0,100.0,0,GPT OSS 120B · 8 000 TPM,0,Llama 3.3 70B · 12 000 TPM,1
BnF_267_15,singleton,1,BnF_267_15,1,1,1,232,23,23,99.13793103448276,99.13793103448276,99.13793103448276,99.13793103448276,0,GPT OSS 120B · 8 000 TPM,0,Llama 3.3 70B · 12 000 TPM,1
BnF_030_20,singleton,1,BnF_030_20,1,1,1,71,7,7,98.59154929577464,98.59154929577464,98.59154929577464,98.59154929577464,0,GPT OSS 120B · 8 000 TPM,1,Llama 3.3 70B · 12 000 TPM,0
BnF_030_21,singleton,1,BnF_030_21,1,1,1,453,44,53,97.13024282560706,97.13024282560706,97.13024282560706,97.13024282560706,0,GPT OSS 120B · 8 000 TPM,1,Llama 3.3 70B · 12 000 TPM,0
AGI_CONTRATACION_1089_N8_176,singleton,1,AGI_CONTRATACION_1089_N8_176,1,1,1,206,20,24,97.08737864077669,97.08737864077668,97.08737864077668,97.08737864077668,0,GPT OSS 120B · 8 000 TPM,0,Llama 3.3 70B · 12 000 TPM,1
BnF_075_014,singleton,1,BnF_075_014,1,1,1,383,37,41,96.60574412532637,96.60574412532635,96.60574412532635,96.60574412532635,0,GPT OSS 120B · 8 000 TPM,1,Llama 3.3 70B · 12 000 TPM,0
BnF_032_39,singleton,1,BnF_032_39,1,1,1,242,23,35,95.0413223140496,95.0413223140496,95.0413223140496,95.0413223140496,0,GPT OSS 120B · 8 000 TPM,0,Llama 3.3 70B · 12 000 TPM,1
AGN_Indios_v002_exp835,singleton,1,AGN_Indios_v002_exp835,1,1,1,414,38,42,91.78743961352657,91.78743961352656,91.78743961352656,91.78743961352656,0,GPT OSS 120B · 8 000 TPM,1,Llama 3.3 70B · 12 000 TPM,0
AGN_Indios_v009_exp002_fs3v-4_01,singleton,1,AGN_Indios_v009_exp002_fs3v-4_01,1,1,1,252,23,27,91.26984126984127,91.26984126984128,91.26984126984128,91.26984126984128,0,GPT OSS 120B · 8 000 TPM,0,Llama 3.3 70B · 12 000 TPM,1
AGI_GUADALAJARA_230_L2_F_45V-46V_2,singleton,1,AGI_GUADALAJARA_230_L2_F_45V-46V_2,1,1,1,122,11,11,90.16393442622952,90.16393442622952,90.16393442622952,90.16393442622952,0,GPT OSS 120B · 8 000 TPM,1,Llama 3.3 70B · 12 000 TPM,0
AGN_AHHacienda_v268_exp046_02,singleton,1,AGN_AHHacienda_v268_exp046_02,1,1,1,245,22,29,89.79591836734693,89.79591836734693,89.79591836734693,89.79591836734693,0,GPT OSS 120B · 8 000 TPM,0,Llama 3.3 70B · 12 000 TPM,1
BnF_104_3,singleton,1,BnF_104_3,1,1,1,245,22,25,89.79591836734693,89.79591836734693,89.79591836734693,89.79591836734693,0,GPT OSS 120B · 8 000 TPM,0,Llama 3.3 70B · 12 000 TPM,1
AGI_GUADALAJARA_230_L2_F_45V-46V_1,singleton,1,AGI_GUADALAJARA_230_L2_F_45V-46V_1,1,1,1,223,20,23,89.68609865470852,89.68609865470852,89.68609865470852,89.68609865470852,0,GPT OSS 120B · 8 000 TPM,1,Llama 3.3 70B · 12 000 TPM,0
BnF_119-148_18,singleton,1,BnF_119-148_18,1,1,1,158,14,16,88.60759493670886,88.60759493670886,88.60759493670886,88.60759493670886,0,GPT OSS 120B · 8 000 TPM,0,Llama 3.3 70B · 12 000 TPM,1
BnF_119-148_33,singleton,1,BnF_119-148_33,1,1,1,558,47,48,84.2293906810036,84.2293906810036,84.2293906810036,84.2293906810036,0,GPT OSS 120B · 8 000 TPM,0,Llama 3.3 70B · 12 000 TPM,1
BnF_117_03,singleton,1,BnF_117_03,1,1,1,287,23,26,80.13937282229965,80.13937282229965,80.13937282229965,80.13937282229965,0,GPT OSS 120B · 8 000 TPM,0,Llama 3.3 70B · 12 000 TPM,1
BnF_244_04,singleton,1,BnF_244_04,1,1,1,291,23,23,79.03780068728523,79.03780068728523,79.03780068728523,79.03780068728523,0,GPT OSS 120B · 8 000 TPM,0,Llama 3.3 70B · 12 000 TPM,1
BnF_264_03,singleton,1,BnF_264_03,1,1,1,955,74,79,77.4869109947644,77.4869109947644,77.4869109947644,77.4869109947644,1,GPT OSS 120B · 8 000 TPM,0,Llama 3.3 70B · 12 000 TPM,1
BnF_110_33,singleton,1,BnF_110_33,1,1,1,131,10,10,76.33587786259542,76.33587786259542,76.33587786259542,76.33587786259542,0,GPT OSS 120B · 8 000 TPM,0,Llama 3.3 70B · 12 000 TPM,1
AGN_Tierras_v039-2_exp003_41,singleton,1,AGN_Tierras_v039-2_exp003_41,1,1,1,184,14,15,76.08695652173914,76.08695652173914,76.08695652173914,76.08695652173914,0,GPT OSS 120B · 8 000 TPM,0,Llama 3.3 70B · 12 000 TPM,1
utblac_eog_j_04,singleton,1,utblac_eog_j_04_duplicated_02,1,1,1,57,4,5,70.17543859649122,70.17543859649122,70.17543859649122,70.17543859649122,0,GPT OSS 120B · 8 000 TPM,0,Llama 3.3 70B · 12 000 TPM,1
BnF_118_05,singleton,1,BnF_118_05,1,1,1,245,17,18,69.38775510204081,69.38775510204081,69.38775510204081,69.38775510204081,0,GPT OSS 120B · 8 000 TPM,0,Llama 3.3 70B · 12 000 TPM,1
BnF_394_05,singleton,1,BnF_394_05,1,1,1,29,2,2,68.9655172413793,68.9655172413793,68.9655172413793,68.9655172413793,0,GPT OSS 120B · 8 000 TPM,0,Llama 3.3 70B · 12 000 TPM,1
AGS_CE_RG_L379_02,singleton,1,AGS_CE_RG_L379_02,1,1,1,190,13,14,68.42105263157895,68.42105263157895,68.42105263157895,68.42105263157895,0,GPT OSS 120B · 8 000 TPM,0,Llama 3.3 70B · 12 000 TPM,1
AGN_HospJesus_c474_leg267-2_exp024_7473-7537_05,singleton,1,AGN_HospJesus_c474_leg267-2_exp024_7473-7537_05,1,1,1,307,21,24,68.40390879478828,68.40390879478828,68.40390879478828,68.40390879478828,0,GPT OSS 120B · 8 000 TPM,0,Llama 3.3 70B · 12 000 TPM,1
AGI_INDIFERENTE_1529_N8_06,singleton,1,AGI_INDIFERENTE_1529_N8_06,1,1,1,421,28,31,66.5083135391924,66.5083135391924,66.5083135391924,66.5083135391924,0,GPT OSS 120B · 8 000 TPM,0,Llama 3.3 70B · 12 000 TPM,1
AGS_CE_RG_L379_04,singleton,1,AGS_CE_RG_L379_04,1,1,1,181,12,13,66.29834254143645,66.29834254143645,66.29834254143645,66.29834254143645,0,GPT OSS 120B · 8 000 TPM,0,Llama 3.3 70B · 12 000 TPM,1
AGN_HospJesus_c474_leg267-2_exp024_7473-7537_02,singleton,1,AGN_HospJesus_c474_leg267-2_exp024_7473-7537_02,1,1,1,317,21,24,66.24605678233439,66.24605678233439,66.24605678233439,66.24605678233439,0,GPT OSS 120B · 8 000 TPM,0,Llama 3.3 70B · 12 000 TPM,1
AGN_Marina_v031A_exp02_fs85-92_15,singleton,1,AGN_Marina_v031A_exp02_fs85-92_15,1,1,1,31,2,2,64.51612903225806,64.51612903225806,64.51612903225806,64.51612903225806,0,GPT OSS 120B · 8 000 TPM,0,Llama 3.3 70B · 12 000 TPM,1
BnF_116_07,singleton,1,BnF_116_07,1,1,1,217,14,14,64.51612903225806,64.51612903225806,64.51612903225806,64.51612903225806,0,GPT OSS 120B · 8 000 TPM,0,Llama 3.3 70B · 12 000 TPM,1
utblac_JGI_XXIII-13_Atlatlauhca_03,singleton,1,utblac_JGI_XXIII-13_Atlatlauhca_03,1,1,1,63,4,4,63.49206349206349,63.49206349206349,63.49206349206349,63.49206349206349,0,GPT OSS 120B · 8 000 TPM,0,Llama 3.3 70B · 12 000 TPM,1
BnF_264_02,singleton,1,BnF_264_02,1,1,1,445,28,28,62.921348314606746,62.921348314606746,62.921348314606746,62.921348314606746,0,GPT OSS 120B · 8 000 TPM,0,Llama 3.3 70B · 12 000 TPM,1
AMP_AC_v021__doc026_2,singleton,1,AMP_AC_v021__doc026_2,1,1,1,112,7,7,62.5,62.5,62.5,62.5,0,GPT OSS 120B · 8 000 TPM,0,Llama 3.3 70B · 12 000 TPM,1
Mechoacan_Yurirapundaro_1,singleton,1,Mechoacan_Yurirapundaro_1,1,1,1,321,20,20,62.30529595015577,62.30529595015577,62.30529595015577,62.30529595015577,0,GPT OSS 120B · 8 000 TPM,0,Llama 3.3 70B · 12 000 TPM,1
utblac_wbs_0912a_duplicated,singleton,1,utblac_wbs_0912a_duplicated,1,1,1,358,22,23,61.452513966480446,61.452513966480446,61.452513966480446,61.452513966480446,0,GPT OSS 120B · 8 000 TPM,0,Llama 3.3 70B · 12 000 TPM,1
BP_CM_R481_071_2,singleton,1,BP_CM_R481_071_2,1,1,1,301,18,22,59.800664451827245,59.800664451827245,59.800664451827245,59.800664451827245,0,GPT OSS 120B · 8 000 TPM,0,Llama 3.3 70B · 12 000 TPM,1
AGI_INDIFERENTE_2065_N45_11,singleton,1,AGI_INDIFERENTE_2065_N45_11,1,1,1,169,10,11,59.171597633136095,59.171597633136095,59.171597633136095,59.171597633136095,0,GPT OSS 120B · 8 000 TPM,0,Llama 3.3 70B · 12 000 TPM,1
BnF_110_13,singleton,1,BnF_110_13,1,1,1,289,17,17,58.8235294117647,58.8235294117647,58.8235294117647,58.8235294117647,0,GPT OSS 120B · 8 000 TPM,0,Llama 3.3 70B · 12 000 TPM,1
BnF_174_02,singleton,1,BnF_174_02,1,1,1,306,18,18,58.8235294117647,58.8235294117647,58.8235294117647,58.8235294117647,0,GPT OSS 120B · 8 000 TPM,0,Llama 3.3 70B · 12 000 TPM,1
AGN_Inquisicion_v1568A_exp152_fs115-116v_03,singleton,1,AGN_Inquisicion_v1568A_exp152_fs115-116v_03,1,1,1,223,13,13,58.29596412556054,58.29596412556054,58.29596412556054,58.29596412556054,0,GPT OSS 120B · 8 000 TPM,0,Llama 3.3 70B · 12 000 TPM,1
AGN_Marina_v031A_exp02_fs85-92_11,singleton,1,AGN_Marina_v031A_exp02_fs85-92_11,1,1,1,122,7,7,57.37704918032787,57.37704918032787,57.37704918032787,57.37704918032787,0,GPT OSS 120B · 8 000 TPM,0,Llama 3.3 70B · 12 000 TPM,1
UIA_Ms149_Exp3_43,singleton,1,UIA_Ms149_Exp3_43,1,1,1,297,17,21,57.23905723905724,57.23905723905724,57.23905723905724,57.23905723905724,0,GPT OSS 120B · 8 000 TPM,0,Llama 3.3 70B · 12 000 TPM,1
BnF_111_21,singleton,1,BnF_111_21,1,1,1,494,27,27,54.655870445344135,54.655870445344135,54.655870445344135,54.655870445344135,0,GPT OSS 120B · 8 000 TPM,0,Llama 3.3 70B · 12 000 TPM,1
AGN_Marina_v002_exp024_005,singleton,1,AGN_Marina_v002_exp024_005,1,1,1,110,6,6,54.54545454545454,54.54545454545454,54.54545454545454,54.54545454545454,0,GPT OSS 120B · 8 000 TPM,1,Llama 3.3 70B · 12 000 TPM,0
BnF_111_27,singleton,1,BnF_111_27,1,1,1,570,31,35,54.385964912280706,54.38596491228071,54.38596491228071,54.38596491228071,0,GPT OSS 120B · 8 000 TPM,0,Llama 3.3 70B · 12 000 TPM,1
UIA_Ms149_Exp3_31,singleton,1,UIA_Ms149_Exp3_31,1,1,1,282,15,16,53.191489361702125,53.191489361702125,53.191489361702125,53.191489361702125,0,GPT OSS 120B · 8 000 TPM,0,Llama 3.3 70B · 12 000 TPM,1
AGN_Inquisicion_v1570A_exp134_fs159-160v_02,singleton,1,AGN_Inquisicion_v1570A_exp134_fs159-160v_02,1,1,1,113,6,6,53.097345132743364,53.09734513274336,53.09734513274336,53.09734513274336,0,GPT OSS 120B · 8 000 TPM,0,Llama 3.3 70B · 12 000 TPM,1
BnF_111_22,singleton,1,BnF_111_22,1,1,1,569,29,36,50.966608084358526,50.966608084358526,50.966608084358526,50.966608084358526,0,GPT OSS 120B · 8 000 TPM,0,Llama 3.3 70B · 12 000 TPM,1
AGN_IndiferenteVirreinal_caja4071_exp024_1,singleton,1,AGN_IndiferenteVirreinal_caja4071_exp024_1,1,1,1,276,14,19,50.72463768115942,50.72463768115942,50.72463768115942,50.72463768115942,0,GPT OSS 120B · 8 000 TPM,0,Llama 3.3 70B · 12 000 TPM,1
BnF_174_04,singleton,1,BnF_174_04,1,1,1,636,32,32,50.314465408805034,50.31446540880504,50.31446540880504,50.31446540880504,0,GPT OSS 120B · 8 000 TPM,0,Llama 3.3 70B · 12 000 TPM,1
BnF_266_10,singleton,1,BnF_266_10,1,1,1,800,40,48,50.0,50.0,50.0,50.0,0,GPT OSS 120B · 8 000 TPM,0,Llama 3.3 70B · 12 000 TPM,1
BnF_244_03,singleton,1,BnF_244_03,1,1,1,283,14,14,49.46996466431095,49.46996466431095,49.46996466431095,49.46996466431095,0,GPT OSS 120B · 8 000 TPM,0,Llama 3.3 70B · 12 000 TPM,1
AGI_PATRONATO_181_R13_1,singleton,1,AGI_PATRONATO_181_R13_1,1,1,1,329,16,20,48.632218844984806,48.632218844984806,48.632218844984806,48.632218844984806,0,GPT OSS 120B · 8 000 TPM,1,Llama 3.3 70B · 12 000 TPM,0
BnF_110_09,singleton,1,BnF_110_09,1,1,1,369,17,18,46.070460704607044,46.07046070460704,46.07046070460704,46.07046070460704,0,GPT OSS 120B · 8 000 TPM,0,Llama 3.3 70B · 12 000 TPM,1
AGI_CONTRATACION_1091_N3_098,singleton,1,AGI_CONTRATACION_1091_N3_098,1,1,1,180,8,8,44.44444444444444,44.44444444444444,44.44444444444444,44.44444444444444,0,GPT OSS 120B · 8 000 TPM,1,Llama 3.3 70B · 12 000 TPM,0
BnF_266_03,singleton,1,BnF_266_03,1,1,1,766,34,40,44.38642297650131,44.38642297650131,44.38642297650131,44.38642297650131,0,GPT OSS 120B · 8 000 TPM,0,Llama 3.3 70B · 12 000 TPM,1
BnF_244_05,singleton,1,BnF_244_05,1,1,1,280,12,12,42.857142857142854,42.85714285714285,42.85714285714285,42.85714285714285,0,GPT OSS 120B · 8 000 TPM,0,Llama 3.3 70B · 12 000 TPM,1
BnF_119-148_24,singleton,1,BnF_119-148_24,1,1,1,284,12,12,42.25352112676056,42.25352112676056,42.25352112676056,42.25352112676056,0,GPT OSS 120B · 8 000 TPM,0,Llama 3.3 70B · 12 000 TPM,1
BnF_394_07,singleton,1,BnF_394_07,1,1,1,413,17,21,41.16222760290557,41.16222760290557,41.16222760290557,41.16222760290557,0,GPT OSS 120B · 8 000 TPM,0,Llama 3.3 70B · 12 000 TPM,1
BP_CM_R494_156_2,singleton,1,BP_CM_R494_156_2,1,1,1,366,15,15,40.983606557377044,40.98360655737704,40.98360655737704,40.98360655737704,0,GPT OSS 120B · 8 000 TPM,0,Llama 3.3 70B · 12 000 TPM,1
BnF_266_07,singleton,1,BnF_266_07,1,1,1,923,35,38,37.91982665222102,37.91982665222102,37.91982665222102,37.91982665222102,0,GPT OSS 120B · 8 000 TPM,0,Llama 3.3 70B · 12 000 TPM,1
BnF_243_17,singleton,1,BnF_243_17,1,1,1,400,15,15,37.5,37.5,37.5,37.5,0,GPT OSS 120B · 8 000 TPM,0,Llama 3.3 70B · 12 000 TPM,1
BP_CM_32386_007_2,singleton,1,BP_CM_32386_007_2,1,1,1,358,13,13,36.312849162011176,36.312849162011176,36.312849162011176,36.312849162011176,0,GPT OSS 120B · 8 000 TPM,0,Llama 3.3 70B · 12 000 TPM,1
utblac_eog_v_41_orig_03,singleton,1,utblac_eog_v_41_orig_03,1,1,1,166,6,6,36.144578313253014,36.14457831325301,36.14457831325301,36.14457831325301,0,GPT OSS 120B · 8 000 TPM,0,Llama 3.3 70B · 12 000 TPM,1
UIA_Ms149_Exp3_04,singleton,1,UIA_Ms149_Exp3_04,1,1,1,285,10,11,35.08771929824561,35.08771929824561,35.08771929824561,35.08771929824561,0,GPT OSS 120B · 8 000 TPM,0,Llama 3.3 70B · 12 000 TPM,1
utblac_wbs_1433,singleton,1,utblac_wbs_1433_duplicated_1,1,1,1,544,19,22,34.9264705882353,34.9264705882353,34.9264705882353,34.9264705882353,0,GPT OSS 120B · 8 000 TPM,0,Llama 3.3 70B · 12 000 TPM,1
AGN_Marina_v004_exp006_005,singleton,1,AGN_Marina_v004_exp006_005,1,1,1,87,3,3,34.48275862068965,34.48275862068965,34.48275862068965,34.48275862068965,0,GPT OSS 120B · 8 000 TPM,1,Llama 3.3 70B · 12 000 TPM,0
utblac_JGI_XXIII-09_Amula_25,singleton,1,utblac_JGI_XXIII-09_Amula_25,1,1,1,146,5,8,34.24657534246575,34.24657534246575,34.24657534246575,34.24657534246575,0,GPT OSS 120B · 8 000 TPM,0,Llama 3.3 70B · 12 000 TPM,1
BnF_264_12,singleton,1,BnF_264_12,1,1,1,819,28,32,34.188034188034194,34.188034188034194,34.188034188034194,34.188034188034194,0,GPT OSS 120B · 8 000 TPM,0,Llama 3.3 70B · 12 000 TPM,1
BnF_117_08,singleton,1,BnF_117_08,1,1,1,273,9,12,32.96703296703297,32.96703296703297,32.96703296703297,32.96703296703297,0,GPT OSS 120B · 8 000 TPM,0,Llama 3.3 70B · 12 000 TPM,1
BnF_243_18,singleton,1,BnF_243_18,1,1,1,456,15,17,32.89473684210526,32.89473684210526,32.89473684210526,32.89473684210526,0,GPT OSS 120B · 8 000 TPM,0,Llama 3.3 70B · 12 000 TPM,1
AGN_Tierras_v2963_exp059_24,singleton,1,AGN_Tierras_v2963_exp059_24,1,1,1,122,4,5,32.786885245901644,32.786885245901644,32.786885245901644,32.786885245901644,0,GPT OSS 120B · 8 000 TPM,0,Llama 3.3 70B · 12 000 TPM,1
BnF_394_10,singleton,1,BnF_394_10,1,1,1,502,16,16,31.872509960159363,31.872509960159363,31.872509960159363,31.872509960159363,0,GPT OSS 120B · 8 000 TPM,0,Llama 3.3 70B · 12 000 TPM,1
BnF_167_29,singleton,1,BnF_167_29,1,1,1,285,9,9,31.578947368421055,31.57894736842105,31.57894736842105,31.57894736842105,0,GPT OSS 120B · 8 000 TPM,0,Llama 3.3 70B · 12 000 TPM,1
BnF_119-148_16,singleton,1,BnF_119-148_16,1,1,1,223,7,9,31.390134529147982,31.390134529147986,31.390134529147986,31.390134529147986,0,GPT OSS 120B · 8 000 TPM,0,Llama 3.3 70B · 12 000 TPM,1
AGN_IndiferenteVirreinal_caja4156_exp025,singleton,1,AGN_IndiferenteVirreinal_caja4156_exp025,1,1,1,128,4,4,31.25,31.25,31.25,31.25,0,GPT OSS 120B · 8 000 TPM,0,Llama 3.3 70B · 12 000 TPM,1
AGN_Inquisicion_v1568A_exp152_fs115-116v_01,singleton,1,AGN_Inquisicion_v1568A_exp152_fs115-116v_01,1,1,1,258,8,9,31.007751937984494,31.00775193798449,31.00775193798449,31.00775193798449,0,GPT OSS 120B · 8 000 TPM,0,Llama 3.3 70B · 12 000 TPM,1
BnF_118_06,singleton,1,BnF_118_06,1,1,1,279,8,10,28.67383512544803,28.67383512544803,28.67383512544803,28.67383512544803,0,GPT OSS 120B · 8 000 TPM,0,Llama 3.3 70B · 12 000 TPM,1
BnF_167_25,singleton,1,BnF_167_25,1,1,1,389,11,11,28.27763496143959,28.27763496143959,28.27763496143959,28.27763496143959,0,GPT OSS 120B · 8 000 TPM,0,Llama 3.3 70B · 12 000 TPM,1
AGN_Inquisicion_v1568A_exp152_fs115-116v_04,singleton,1,AGN_Inquisicion_v1568A_exp152_fs115-116v_04,1,1,1,40,1,1,25.0,25.0,25.0,25.0,0,GPT OSS 120B · 8 000 TPM,0,Llama 3.3 70B · 12 000 TPM,1
AGN_GralParte_v001_exp1020_01,singleton,1,AGN_GralParte_v001_exp1020_01,1,1,1,338,8,8,23.668639053254438,23.66863905325444,23.66863905325444,23.66863905325444,0,GPT OSS 120B · 8 000 TPM,0,Llama 3.3 70B · 12 000 TPM,1
BnF_117_14,singleton,1,BnF_117_14,1,1,1,334,7,7,20.958083832335326,20.958083832335326,20.958083832335326,20.958083832335326,0,GPT OSS 120B · 8 000 TPM,0,Llama 3.3 70B · 12 000 TPM,1
AGN_RealesCedDup_v003_exp334,singleton,1,AGN_RealesCedDup_v003_exp334,1,1,1,338,7,7,20.710059171597635,20.710059171597635,20.710059171597635,20.710059171597635,0,GPT OSS 120B · 8 000 TPM,0,Llama 3.3 70B · 12 000 TPM,1
BnF_266_06,singleton,1,BnF_266_06,1,1,1,822,17,18,20.68126520681265,20.68126520681265,20.68126520681265,20.68126520681265,0,GPT OSS 120B · 8 000 TPM,0,Llama 3.3 70B · 12 000 TPM,1
BnF_244_02,singleton,1,BnF_244_02,1,1,1,146,3,3,20.54794520547945,20.54794520547945,20.54794520547945,20.54794520547945,0,GPT OSS 120B · 8 000 TPM,0,Llama 3.3 70B · 12 000 TPM,1
LoC_HPKraus_138_new_07,singleton,1,LoC_HPKraus_138_new_07,1,1,1,295,6,6,20.338983050847457,20.338983050847457,20.338983050847457,20.338983050847457,0,GPT OSS 120B · 8 000 TPM,0,Llama 3.3 70B · 12 000 TPM,1
utblac_JGI_XXV-05_Tequixquiac_25,singleton,1,utblac_JGI_XXV-05_Tequixquiac_25,1,1,1,298,5,5,16.778523489932887,16.778523489932887,16.778523489932887,16.778523489932887,0,GPT OSS 120B · 8 000 TPM,0,Llama 3.3 70B · 12 000 TPM,1
AGI_PATRONATO_181_R13_2,singleton,1,AGI_PATRONATO_181_R13_2,1,1,1,312,5,5,16.025641025641026,16.025641025641026,16.025641025641026,16.025641025641026,0,GPT OSS 120B · 8 000 TPM,0,Llama 3.3 70B · 12 000 TPM,1
AGS_CE_RG_L379_05,singleton,1,AGS_CE_RG_L379_05,1,1,1,189,3,3,15.873015873015872,15.873015873015872,15.873015873015872,15.873015873015872,0,GPT OSS 120B · 8 000 TPM,0,Llama 3.3 70B · 12 000 TPM,1
BnF_174_06,singleton,1,BnF_174_06,1,1,1,641,10,11,15.600624024960998,15.600624024960998,15.600624024960998,15.600624024960998,0,GPT OSS 120B · 8 000 TPM,0,Llama 3.3 70B · 12 000 TPM,1
BnF_174_05,singleton,1,BnF_174_05,1,1,1,663,10,11,15.082956259426847,15.082956259426847,15.082956259426847,15.082956259426847,0,GPT OSS 120B · 8 000 TPM,0,Llama 3.3 70B · 12 000 TPM,1
BnF_113_25,singleton,1,BnF_113_25,1,1,1,598,9,9,15.050167224080267,15.050167224080267,15.050167224080267,15.050167224080267,0,GPT OSS 120B · 8 000 TPM,0,Llama 3.3 70B · 12 000 TPM,1
BnF_116_06,singleton,1,BnF_116_06,1,1,1,133,2,2,15.037593984962406,15.037593984962406,15.037593984962406,15.037593984962406,0,GPT OSS 120B · 8 000 TPM,0,Llama 3.3 70B · 12 000 TPM,1
BnF_117_15,singleton,1,BnF_117_15,1,1,1,136,2,2,14.705882352941176,14.705882352941176,14.705882352941176,14.705882352941176,0,GPT OSS 120B · 8 000 TPM,0,Llama 3.3 70B · 12 000 TPM,1
BnF_283_12,singleton,1,BnF_283_12,1,1,1,553,8,8,14.466546112115731,14.466546112115733,14.466546112115733,14.466546112115733,0,GPT OSS 120B · 8 000 TPM,0,Llama 3.3 70B · 12 000 TPM,1
BnF_119-148_13,singleton,1,BnF_119-148_13,1,1,1,279,4,5,14.336917562724015,14.336917562724016,14.336917562724016,14.336917562724016,0,GPT OSS 120B · 8 000 TPM,0,Llama 3.3 70B · 12 000 TPM,1
BNE_ms3047_3,singleton,1,BNE_ms3047_3,1,1,1,462,5,5,10.822510822510822,10.822510822510822,10.822510822510822,10.822510822510822,0,GPT OSS 120B · 8 000 TPM,0,Llama 3.3 70B · 12 000 TPM,1
AGN_RealesCedDup_v016_exp515,singleton,1,AGN_RealesCedDup_v016_exp515,1,1,1,316,3,3,9.49367088607595,9.49367088607595,9.49367088607595,9.49367088607595,0,GPT OSS 120B · 8 000 TPM,0,Llama 3.3 70B · 12 000 TPM,1
BnF_167_03,singleton,1,BnF_167_03,1,1,1,440,4,4,9.09090909090909,9.09090909090909,9.09090909090909,9.09090909090909,0,GPT OSS 120B · 8 000 TPM,0,Llama 3.3 70B · 12 000 TPM,1
BnF_283_05,singleton,1,BnF_283_05,1,1,1,564,5,8,8.865248226950355,8.865248226950355,8.865248226950355,8.865248226950355,0,GPT OSS 120B · 8 000 TPM,0,Llama 3.3 70B · 12 000 TPM,1
LoC_HPKraus_138_new_14,singleton,1,LoC_HPKraus_138_new_14,1,1,1,232,2,2,8.620689655172413,8.620689655172413,8.620689655172413,8.620689655172413,0,GPT OSS 120B · 8 000 TPM,0,Llama 3.3 70B · 12 000 TPM,1
AGI_PATRONATO_182_R3_03,singleton,1,AGI_PATRONATO_182_R3_03,1,1,1,248,2,2,8.064516129032258,8.064516129032258,8.064516129032258,8.064516129032258,0,GPT OSS 120B · 8 000 TPM,0,Llama 3.3 70B · 12 000 TPM,1
AGN_Congregaciones_v001_exp076,singleton,1,AGN_Congregaciones_v001_exp076,1,1,1,374,3,3,8.02139037433155,8.02139037433155,8.02139037433155,8.02139037433155,0,GPT OSS 120B · 8 000 TPM,0,Llama 3.3 70B · 12 000 TPM,1
BnF_167_04,singleton,1,BnF_167_04,1,1,1,458,3,3,6.550218340611353,6.550218340611353,6.550218340611353,6.550218340611353,0,GPT OSS 120B · 8 000 TPM,0,Llama 3.3 70B · 12 000 TPM,1
BnF_283_03,singleton,1,BnF_283_03,1,1,1,460,3,3,6.521739130434782,6.521739130434782,6.521739130434782,6.521739130434782,0,GPT OSS 120B · 8 000 TPM,0,Llama 3.3 70B · 12 000 TPM,1
utblac_JGI_XXIV-11_Justlahuaca_57,singleton,1,utblac_JGI_XXIV-11_Justlahuaca_57,1,1,1,307,2,2,6.514657980456026,6.514657980456026,6.514657980456026,6.514657980456026,0,GPT OSS 120B · 8 000 TPM,0,Llama 3.3 70B · 12 000 TPM,1
utblac_eog_wbs_procesal_sample_01_10,singleton,1,utblac_eog_wbs_procesal_sample_01_10,1,1,1,191,1,1,5.235602094240838,5.235602094240838,5.235602094240838,5.235602094240838,0,GPT OSS 120B · 8 000 TPM,0,Llama 3.3 70B · 12 000 TPM,1
BnF_167_10,singleton,1,BnF_167_10,1,1,1,437,2,2,4.576659038901602,4.576659038901602,4.576659038901602,4.576659038901602,0,GPT OSS 120B · 8 000 TPM,0,Llama 3.3 70B · 12 000 TPM,1
UIA_Ms149_Exp3_08,singleton,1,UIA_Ms149_Exp3_08,1,1,1,296,1,1,3.3783783783783785,3.3783783783783785,3.3783783783783785,3.3783783783783785,0,GPT OSS 120B · 8 000 TPM,0,Llama 3.3 70B · 12 000 TPM,1
utblac_eog_v_41_orig_10,singleton,1,utblac_eog_v_41_orig_10,1,1,1,15,0,0,0.0,0.0,0.0,0.0,0,GPT OSS 120B · 8 000 TPM,0,Llama 3.3 70B · 12 000 TPM,1
utblac_wbs_0886,singleton,1,utblac_wbs_0886_duplicated_2,1,1,1,30,0,0,0.0,0.0,0.0,0.0,0,GPT OSS 120B · 8 000 TPM,0,Llama 3.3 70B · 12 000 TPM,1
