annotation_rate_rank,filename_stem,model,archive,reviewer_packet,reviewer_name,n_modernised_tokens,n_included_annotations,n_included_assignments,included_annotations_per_1000_tokens,dominant_error_category,dominant_subrule,document_family,reviewed_documents_in_family,repeated_document_family,high_annotation_count,high_annotation_rate,selected_for_review,selection_reason
1,BnF_267_23,Llama 3.3 70B · 12 000 TPM,bnf_267,2,Paco,226,83,85,367.2566371681416,Abreviaturas,Abreviaturas — Expansión completa,BnF_267_23,1,False,True,True,True,highest 10% by count and rate
2,BnF_267_03,Llama 3.3 70B · 12 000 TPM,bnf_267,2,Paco,227,79,79,348.01762114537445,Abreviaturas,Abreviaturas — Expansión completa,BnF_267_03,1,False,True,True,True,highest 10% by count and rate
3,BnF_032_15,GPT OSS 120B · 8 000 TPM,bnf_032,8,Flor,12,4,5,333.3333333333333,Abreviaturas,Abreviaturas — Expansión completa,BnF_032_15,1,False,False,True,True,highest 10% by rate
4,BnF_032_36,GPT OSS 120B · 8 000 TPM,bnf_032,2,Paco,303,99,105,326.7326732673268,Abreviaturas,Abreviaturas — Expansión completa,BnF_032_36,1,False,True,True,True,highest 10% by count and rate
5,AGN_GralParte_v006_exp617_01,GPT OSS 120B · 8 000 TPM,agn_gralparte,9,Rodrigo,459,141,168,307.18954248366015,Cambios,Cambios — Otros,AGN_GralParte_v006_exp617_01,1,False,True,True,True,highest 10% by count and rate
6,AGN_Inquisicion_v1570A_exp134_fs159-160v_04,GPT OSS 120B · 8 000 TPM,agn_inquisicion,8,Flor,10,3,3,300.0,Abreviaturas,Abreviaturas — No sub-rule assigned,AGN_Inquisicion_v1570A_exp134_fs159-160v_04,1,False,False,True,True,highest 10% by rate
7,BnF_112_02,GPT OSS 120B · 8 000 TPM,bnf_112,4,Arturo,290,86,108,296.551724137931,Abreviaturas,Abreviaturas — Expansión completa,BnF_112_02,1,False,True,True,True,highest 10% by count and rate
8,BnF_113_22,GPT OSS 120B · 8 000 TPM,bnf_113,7,Paloma,350,88,94,251.42857142857144,Filológicas - instrucciones,Filológicas - mecánicas — Regularización de sibilantes,BnF_113_22,1,False,True,True,True,highest 10% by count and rate
9,AGI_INDIFERENTE_2065_N45_09,GPT OSS 120B · 8 000 TPM,agi_indiferente,9,Rodrigo,191,46,52,240.83769633507853,Cambios,Cambios — Sustitución,AGI_INDIFERENTE_2065_N45_09,1,False,False,True,True,highest 10% by rate
10,AGN_Mercedes_v003_exp520,GPT OSS 120B · 8 000 TPM,agn_mercedes,6,Alba,455,109,122,239.5604395604396,Abreviaturas,Acentuación — No sub-rule assigned,AGN_Mercedes_v003_exp520,1,False,True,True,True,highest 10% by count and rate
11,BnF_112_04,GPT OSS 120B · 8 000 TPM,bnf_112,7,Paloma,277,66,72,238.26714801444044,Filológicas - instrucciones,Puntuación — Punto (.),BnF_112_04,1,False,True,True,True,highest 10% by count and rate
12,BnF_111_20,GPT OSS 120B · 8 000 TPM,bnf_111,8,Flor,459,109,115,237.4727668845316,Filológicas - instrucciones,Abreviaturas — Expansión completa,BnF_111_20,1,False,True,True,True,highest 10% by count and rate
13,BnF_075_026,Llama 3.3 70B · 12 000 TPM,bnf_075,4,Arturo,202,46,50,227.72277227722773,Cambios,Cambios — No sub-rule assigned,BnF_075_026,1,False,False,True,True,highest 10% by rate
14,AGI_CONTRATACION_1183_N8_78,GPT OSS 120B · 8 000 TPM,agi_contratacion,3,Adriana,137,30,30,218.97810218978103,Filológicas - instrucciones,Filológicas - instrucciones — x sibilante → j,AGI_CONTRATACION_1183_N8_78,1,False,False,True,True,highest 10% by rate
15,AGN_AHHacienda_v268_exp046_01,GPT OSS 120B · 8 000 TPM,agn_ahhacienda,3,Adriana,172,36,36,209.30232558139537,Abreviaturas,Abreviaturas — Expansión completa,AGN_AHHacienda_v268_exp046_01,1,False,False,True,True,highest 10% by rate
16,BnF_104_2,GPT OSS 120B · 8 000 TPM,bnf_104,2,Paco,328,68,88,207.3170731707317,Cambios,Cambios — Sustitución,BnF_104_2,1,False,True,True,True,highest 10% by count and rate
17,BNE_ms3047_1,GPT OSS 120B · 8 000 TPM,bne_ms3047,9,Rodrigo,513,103,113,200.77972709551656,Cambios,Abreviaturas — Expansión completa,BNE_ms3047_1,1,False,True,True,True,highest 10% by count and rate
18,BnF_112_23,GPT OSS 120B · 8 000 TPM,bnf_112,5,Edna,390,77,81,197.43589743589743,Filológicas - instrucciones,Abreviaturas — No sub-rule assigned,BnF_112_23,1,False,True,True,True,highest 10% by count and rate
19,AGI_PATRONATO_182_R3_01,GPT OSS 120B · 8 000 TPM,agi_patronato,6,Alba,293,57,66,194.5392491467577,Abreviaturas,Abreviaturas — Expansión completa,AGI_PATRONATO_182_R3_01,1,False,False,False,False,not selected
20,AGI_INDIFERENTE_1529_N36_07,Llama 3.3 70B · 12 000 TPM,agi_indiferente,9,Rodrigo,327,62,75,189.6024464831804,Cambios,Cambios — Otros,AGI_INDIFERENTE_1529_N36_07,1,False,False,False,False,not selected
21,Mechoacan_Yurirapundaro_2,Llama 3.3 70B · 12 000 TPM,mechoacan_yurirapundaro,4,Arturo,54,10,12,185.1851851851852,Cambios | Puntuación,Cambios — No sub-rule assigned | Puntuación — No sub-rule assigned | Puntuación — Punto (.),Mechoacan_Yurirapundaro_2,1,False,False,False,False,not selected
22,AGN_RealesCedDup_v050_exp062,GPT OSS 120B · 8 000 TPM,agn_realesceddup,7,Paloma,262,48,60,183.206106870229,Abreviaturas,Abreviaturas — Expansión completa,AGN_RealesCedDup_v050_exp062,1,False,False,False,False,not selected
23,AGI_PATRONATO_182_R3_04,GPT OSS 120B · 8 000 TPM,agi_patronato,2,Paco,223,40,48,179.37219730941703,Abreviaturas,Abreviaturas — Expansión completa,AGI_PATRONATO_182_R3_04,1,False,False,False,False,not selected
24,BnF_118_08,Llama 3.3 70B · 12 000 TPM,bnf_118,4,Arturo,268,48,49,179.1044776119403,Cambios,Cambios — Sustitución,BnF_118_08,1,False,False,False,False,not selected
25,BnF_075_003,Llama 3.3 70B · 12 000 TPM,bnf_075,3,Adriana,289,50,51,173.01038062283737,Cambios,Cambios — No sub-rule assigned,BnF_075_003,1,False,False,False,False,not selected
26,BnF_113_04,GPT OSS 120B · 8 000 TPM,bnf_113,2,Paco,310,51,62,164.51612903225808,Abreviaturas,Abreviaturas — Expansión completa,BnF_113_04,1,False,False,False,False,not selected
27,BnF_075_035,Llama 3.3 70B · 12 000 TPM,bnf_075,4,Arturo,219,36,41,164.3835616438356,Cambios,Cambios — Sustitución,BnF_075_035,1,False,False,False,False,not selected
28,AGI_CONTRATACION_1089_N8_151,Llama 3.3 70B · 12 000 TPM,agi_contratacion,2,Paco,304,48,50,157.89473684210526,Abreviaturas,Abreviaturas — Expansión completa,AGI_CONTRATACION_1089_N8_151,1,False,False,False,False,not selected
29,AGS_CE_RG_L379_01,GPT OSS 120B · 8 000 TPM,ags_ce,1,Javier,83,13,16,156.6265060240964,Cambios,Cambios — Sustitución,AGS_CE_RG_L379_01,1,False,False,False,False,not selected
30,BnF_112_25,GPT OSS 120B · 8 000 TPM,bnf_112,2,Paco,269,42,53,156.13382899628252,Cambios,Abreviaturas — Expansión completa,BnF_112_25,1,False,False,False,False,not selected
31,AGN_Indios_v019_exp354_2,GPT OSS 120B · 8 000 TPM,agn_indios,6,Alba,559,87,90,155.6350626118068,Abreviaturas,Abreviaturas — Expansión completa,AGN_Indios_v019_exp354_2,1,False,True,False,True,highest 10% by count
32,AGN_HospJesus_c205_exp041_04,Llama 3.3 70B · 12 000 TPM,agn_hospjesus,8,Flor,142,22,22,154.9295774647887,Cambios,Cambios — Otros,AGN_HospJesus_c205_exp041_04,1,False,False,False,False,not selected
33,BnF_030_27,GPT OSS 120B · 8 000 TPM,bnf_030,9,Rodrigo,278,43,53,154.67625899280577,Cambios,Cambios — Sustitución,BnF_030_27,1,False,False,False,False,not selected
34,AGN_Indios_v009_exp003_fs4v-5_01,GPT OSS 120B · 8 000 TPM,agn_indios,4,Arturo,272,42,46,154.41176470588235,Cambios,Puntuación — No sub-rule assigned,AGN_Indios_v009_exp003_fs4v-5_01,1,False,False,False,False,not selected
35,BnF_032_23,Llama 3.3 70B · 12 000 TPM,bnf_032,4,Arturo,648,100,103,154.320987654321,Puntuación,"Puntuación — Coma (,)",BnF_032_23,1,False,True,False,True,highest 10% by count
36,UIA_Ms149_Exp2_51,Llama 3.3 70B · 12 000 TPM,uia_ms149,4,Arturo,391,58,66,148.33759590792835,Cambios,Cambios — Sustitución,UIA_Ms149_Exp2_51,1,False,False,False,False,not selected
37,BnF_118_02,Llama 3.3 70B · 12 000 TPM,bnf_118,9,Rodrigo,27,4,4,148.14814814814815,Abreviaturas,Abreviaturas — Expansión completa,BnF_118_02,1,False,False,False,False,not selected
38,AGN_RealesCedDup_v030_exp874,GPT OSS 120B · 8 000 TPM,agn_realesceddup,6,Alba,644,95,105,147.51552795031057,Abreviaturas,Abreviaturas — No sub-rule assigned,AGN_RealesCedDup_v030_exp874,1,False,True,False,True,highest 10% by count
39,AGN_Tierras_v039-2_exp003_72,GPT OSS 120B · 8 000 TPM,agn_tierras,5,Edna,177,26,41,146.89265536723164,Abreviaturas,Cambios — Sustitución,AGN_Tierras_v039-2_exp003_72,1,False,False,False,False,not selected
40,BnF_116_02,GPT OSS 120B · 8 000 TPM,bnf_116,2,Paco,273,38,49,139.1941391941392,Abreviaturas,Abreviaturas — Expansión completa,BnF_116_02,1,False,False,False,False,not selected
41,BnF_174_03,Llama 3.3 70B · 12 000 TPM,bnf_174,4,Arturo,701,96,104,136.9472182596291,Puntuación,"Puntuación — Coma (,)",BnF_174_03,1,False,True,False,True,highest 10% by count
42,BnF_112_08,Llama 3.3 70B · 12 000 TPM,bnf_112,7,Paloma,309,41,45,132.68608414239483,Cambios,Cambios — Sustitución,BnF_112_08,1,False,False,False,False,not selected
43,AGN_GralParte_v001_exp1020_02,Llama 3.3 70B · 12 000 TPM,agn_gralparte,5,Edna,38,5,9,131.57894736842104,Abreviaturas,Abreviaturas — No sub-rule assigned,AGN_GralParte_v001_exp1020_02,1,False,False,False,False,not selected
44,AGN_IndiferenteVirreinal_caja4071_exp024_2,GPT OSS 120B · 8 000 TPM,agn_indiferentevirreinal,7,Paloma,137,18,23,131.38686131386862,Abreviaturas,Abreviaturas — Expansión completa,AGN_IndiferenteVirreinal_caja4071_exp024_2,1,False,False,False,False,not selected
45,AMP_AC_v021__doc026_1,GPT OSS 120B · 8 000 TPM,amp_ac,9,Rodrigo,188,24,34,127.6595744680851,Cambios,"Abreviaturas — Expansión completa | Cambios — Sustitución | Puntuación — Coma (,)",AMP_AC_v021__doc026_1,1,False,False,False,False,not selected
46,BP_CM_R481_071_3,Llama 3.3 70B · 12 000 TPM,bp_cm,1,Javier,47,6,7,127.6595744680851,Cambios,Cambios — Sustitución,BP_CM_R481_071_3,1,False,False,False,False,not selected
47,AGN_AHHacienda_v1292_exp135,GPT OSS 120B · 8 000 TPM,agn_ahhacienda,1,Javier,411,52,54,126.52068126520682,Abreviaturas,Abreviaturas — Expansión completa,AGN_AHHacienda_v1292_exp135,1,False,False,False,False,not selected
48,BnF_113_43,Llama 3.3 70B · 12 000 TPM,bnf_113,7,Paloma,176,22,22,125.0,Cambios,Cambios — Sustitución,BnF_113_43,1,False,False,False,False,not selected
49,AGN_HospJesus_c474_leg267-2_exp024_7473-7537_10,Llama 3.3 70B · 12 000 TPM,agn_hospjesus,4,Arturo,285,35,35,122.80701754385964,Cambios,Cambios — Sustitución,AGN_HospJesus_c474_leg267-2_exp024_7473-7537_10,1,False,False,False,False,not selected
50,BnF_117_13,Llama 3.3 70B · 12 000 TPM,bnf_117,2,Paco,148,18,22,121.62162162162164,Cambios,Cambios — Sustitución,BnF_117_13,1,False,False,False,False,not selected
51,LoC_HPKraus_146_new_13,Llama 3.3 70B · 12 000 TPM,loc_hpkraus,2,Paco,148,18,18,121.62162162162164,Cambios,Cambios — Sustitución,LoC_HPKraus_146_new_13,1,False,False,False,False,not selected
52,BnF_032_33,Llama 3.3 70B · 12 000 TPM,bnf_032,3,Adriana,354,42,51,118.64406779661016,Cambios,Cambios — Sustitución,BnF_032_33,1,False,False,False,False,not selected
53,BnF_116_08,Llama 3.3 70B · 12 000 TPM,bnf_116,3,Adriana,43,5,6,116.27906976744184,Cambios,Cambios — Sustitución,BnF_116_08,1,False,False,False,False,not selected
54,AGN_AHHacienda_v268_exp046_03,Llama 3.3 70B · 12 000 TPM,agn_ahhacienda,4,Arturo,181,21,22,116.0220994475138,Puntuación,Puntuación — No sub-rule assigned,AGN_AHHacienda_v268_exp046_03,1,False,False,False,False,not selected
55,BNE_ms3047_4,GPT OSS 120B · 8 000 TPM,bne_ms3047,1,Javier,485,56,56,115.4639175257732,Abreviaturas,Abreviaturas — Expansión completa,BNE_ms3047_4,1,False,False,False,False,not selected
56,AGN_Marina_v004_exp006_014,GPT OSS 120B · 8 000 TPM,agn_marina,1,Javier,70,8,9,114.28571428571428,Acentuación,Acentuación — No sub-rule assigned,AGN_Marina_v004_exp006_014,1,False,False,False,False,not selected
57,BnF_266_05,Llama 3.3 70B · 12 000 TPM,bnf_266,3,Adriana,884,100,192,113.12217194570135,Cambios,Cambios — Sustitución,BnF_266_05,1,False,True,False,True,highest 10% by count
58,BnF_243_16,Llama 3.3 70B · 12 000 TPM,bnf_243,9,Rodrigo,417,47,56,112.70983213429255,Abreviaturas,Abreviaturas — Expansión completa,BnF_243_16,1,False,False,False,False,not selected
59,BnF_118_03,Llama 3.3 70B · 12 000 TPM,bnf_118,7,Paloma,318,34,34,106.9182389937107,Cambios,Cambios — Deleción,BnF_118_03,1,False,False,False,False,not selected
60,BnF_243_12,Llama 3.3 70B · 12 000 TPM,bnf_243,4,Arturo,77,8,10,103.89610389610392,Puntuación,"Puntuación — Coma (,)",BnF_243_12,1,False,False,False,False,not selected
61,AGN_GralParte_v006_exp617_02,Llama 3.3 70B · 12 000 TPM,agn_gralparte,9,Rodrigo,446,46,54,103.1390134529148,Cambios,Abreviaturas — Expansión completa,AGN_GralParte_v006_exp617_02,1,False,False,False,False,not selected
62,BP_CM_R481_016,Llama 3.3 70B · 12 000 TPM,bp_cm,4,Arturo,108,11,14,101.85185185185183,Cambios,Cambios — Sustitución | Puntuación — No sub-rule assigned,BP_CM_R481_016,1,False,False,False,False,not selected
63,BnF_030_22,Llama 3.3 70B · 12 000 TPM,bnf_030,2,Paco,383,39,48,101.82767624020887,Cambios,Cambios — Sustitución,BnF_030_22,1,False,False,False,False,not selected
64,BnF_110_29,Llama 3.3 70B · 12 000 TPM,bnf_110,7,Paloma,100,10,12,100.0,Abreviaturas,Abreviaturas — Expansión completa,BnF_110_29,1,False,False,False,False,not selected
65,BnF_267_15,Llama 3.3 70B · 12 000 TPM,bnf_267,3,Adriana,232,23,23,99.13793103448276,Cambios,Cambios — Inserción,BnF_267_15,1,False,False,False,False,not selected
66,BnF_030_20,GPT OSS 120B · 8 000 TPM,bnf_030,7,Paloma,71,7,7,98.59154929577464,Cambios,Cambios — Sustitución,BnF_030_20,1,False,False,False,False,not selected
67,BnF_030_21,GPT OSS 120B · 8 000 TPM,bnf_030,5,Edna,453,44,53,97.13024282560706,Abreviaturas,Abreviaturas — No sub-rule assigned,BnF_030_21,1,False,False,False,False,not selected
68,AGI_CONTRATACION_1089_N8_176,Llama 3.3 70B · 12 000 TPM,agi_contratacion,8,Flor,206,20,24,97.08737864077668,Cambios,Acentuación — No sub-rule assigned,AGI_CONTRATACION_1089_N8_176,1,False,False,False,False,not selected
69,BnF_075_014,GPT OSS 120B · 8 000 TPM,bnf_075,6,Alba,383,37,41,96.60574412532635,Abreviaturas,Abreviaturas — Expansión completa,BnF_075_014,1,False,False,False,False,not selected
70,BnF_032_39,Llama 3.3 70B · 12 000 TPM,bnf_032,7,Paloma,242,23,35,95.0413223140496,Cambios,Cambios — Sustitución,BnF_032_39,1,False,False,False,False,not selected
71,AGN_Indios_v002_exp835,GPT OSS 120B · 8 000 TPM,agn_indios,7,Paloma,414,38,42,91.78743961352656,Cambios,Cambios — Sustitución,AGN_Indios_v002_exp835,1,False,False,False,False,not selected
72,AGN_Indios_v009_exp002_fs3v-4_01,Llama 3.3 70B · 12 000 TPM,agn_indios,4,Arturo,252,23,27,91.26984126984128,Cambios | Puntuación,"Puntuación — Coma (,)",AGN_Indios_v009_exp002_fs3v-4_01,1,False,False,False,False,not selected
73,AGI_GUADALAJARA_230_L2_F_45V-46V_2,GPT OSS 120B · 8 000 TPM,agi_guadalajara,3,Adriana,122,11,11,90.16393442622952,Abreviaturas,Abreviaturas — Expansión completa,AGI_GUADALAJARA_230_L2_F_45V-46V_2,1,False,False,False,False,not selected
74,BnF_104_3,Llama 3.3 70B · 12 000 TPM,bnf_104,6,Alba,245,22,25,89.79591836734693,Abreviaturas,Abreviaturas — Expansión completa | Cambios — Deleción,BnF_104_3,1,False,False,False,False,not selected
75,AGN_AHHacienda_v268_exp046_02,Llama 3.3 70B · 12 000 TPM,agn_ahhacienda,7,Paloma,245,22,29,89.79591836734693,Cambios,Cambios — Inserción,AGN_AHHacienda_v268_exp046_02,1,False,False,False,False,not selected
76,AGI_GUADALAJARA_230_L2_F_45V-46V_1,GPT OSS 120B · 8 000 TPM,agi_guadalajara,5,Edna,223,20,23,89.68609865470852,Abreviaturas,Abreviaturas — No sub-rule assigned,AGI_GUADALAJARA_230_L2_F_45V-46V_1,1,False,False,False,False,not selected
77,BnF_119-148_18,Llama 3.3 70B · 12 000 TPM,bnf_119-148,4,Arturo,158,14,16,88.60759493670886,Cambios,Cambios — Sustitución,BnF_119-148_18,1,False,False,False,False,not selected
78,BnF_119-148_33,Llama 3.3 70B · 12 000 TPM,bnf_119-148,7,Paloma,558,47,48,84.2293906810036,Cambios,Cambios — Inserción,BnF_119-148_33,1,False,False,False,False,not selected
79,BnF_117_03,Llama 3.3 70B · 12 000 TPM,bnf_117,4,Arturo,287,23,26,80.13937282229965,Cambios,"Cambios — Sustitución | Puntuación — Coma (,)",BnF_117_03,1,False,False,False,False,not selected
80,BnF_244_04,Llama 3.3 70B · 12 000 TPM,bnf_244,5,Edna,291,23,23,79.03780068728523,Abreviaturas,Abreviaturas — Expansión completa,BnF_244_04,1,False,False,False,False,not selected
81,BnF_264_03,Llama 3.3 70B · 12 000 TPM,bnf_264,3,Adriana,955,74,79,77.4869109947644,Abreviaturas,Abreviaturas — Expansión completa,BnF_264_03,1,False,True,False,True,highest 10% by count
82,BnF_110_33,Llama 3.3 70B · 12 000 TPM,bnf_110,6,Alba,131,10,10,76.33587786259542,Abreviaturas,Abreviaturas — No sub-rule assigned,BnF_110_33,1,False,False,False,False,not selected
83,AGN_Tierras_v039-2_exp003_41,Llama 3.3 70B · 12 000 TPM,agn_tierras,8,Flor,184,14,15,76.08695652173914,Puntuación,Puntuación — Punto (.),AGN_Tierras_v039-2_exp003_41,1,False,False,False,False,not selected
84,utblac_eog_j_04_duplicated_02,Llama 3.3 70B · 12 000 TPM,utblac_eog,4,Arturo,57,4,5,70.17543859649122,Abreviaturas | Cambios,"Abreviaturas — Excepciones (desto/a/os, dello/a/os) | Cambios — Sustitución",utblac_eog_j_04,1,False,False,False,False,not selected
85,BnF_118_05,Llama 3.3 70B · 12 000 TPM,bnf_118,6,Alba,245,17,18,69.38775510204081,Cambios,Cambios — Sustitución,BnF_118_05,1,False,False,False,False,not selected
86,BnF_394_05,Llama 3.3 70B · 12 000 TPM,bnf_394,8,Flor,29,2,2,68.9655172413793,Cambios,Cambios — Inserción | Cambios — Sustitución,BnF_394_05,1,False,False,False,False,not selected
87,AGS_CE_RG_L379_02,Llama 3.3 70B · 12 000 TPM,ags_ce,4,Arturo,190,13,14,68.42105263157895,Abreviaturas | Puntuación,"Abreviaturas — Excepciones (desto/a/os, dello/a/os) | Abreviaturas — Expansión completa | Puntuación — Punto (.)",AGS_CE_RG_L379_02,1,False,False,False,False,not selected
88,AGN_HospJesus_c474_leg267-2_exp024_7473-7537_05,Llama 3.3 70B · 12 000 TPM,agn_hospjesus,9,Rodrigo,307,21,24,68.40390879478828,Cambios,Cambios — Inserción,AGN_HospJesus_c474_leg267-2_exp024_7473-7537_05,1,False,False,False,False,not selected
89,AGI_INDIFERENTE_1529_N8_06,Llama 3.3 70B · 12 000 TPM,agi_indiferente,9,Rodrigo,421,28,31,66.5083135391924,Cambios,Cambios — Inserción | Cambios — Sustitución,AGI_INDIFERENTE_1529_N8_06,1,False,False,False,False,not selected
90,AGS_CE_RG_L379_04,Llama 3.3 70B · 12 000 TPM,ags_ce,9,Rodrigo,181,12,13,66.29834254143645,Cambios,Cambios — Sustitución,AGS_CE_RG_L379_04,1,False,False,False,False,not selected
91,AGN_HospJesus_c474_leg267-2_exp024_7473-7537_02,Llama 3.3 70B · 12 000 TPM,agn_hospjesus,2,Paco,317,21,24,66.24605678233439,Cambios,Cambios — Sustitución,AGN_HospJesus_c474_leg267-2_exp024_7473-7537_02,1,False,False,False,False,not selected
92,BnF_116_07,Llama 3.3 70B · 12 000 TPM,bnf_116,3,Adriana,217,14,14,64.51612903225806,Abreviaturas,Abreviaturas — Expansión completa,BnF_116_07,1,False,False,False,False,not selected
93,AGN_Marina_v031A_exp02_fs85-92_15,Llama 3.3 70B · 12 000 TPM,agn_marina,2,Paco,31,2,2,64.51612903225806,Abreviaturas | Cambios,Abreviaturas — Expansión completa | Cambios — Sustitución,AGN_Marina_v031A_exp02_fs85-92_15,1,False,False,False,False,not selected
94,utblac_JGI_XXIII-13_Atlatlauhca_03,Llama 3.3 70B · 12 000 TPM,utblac_jgi,8,Flor,63,4,4,63.49206349206349,Cambios,Cambios — Deleción | Cambios — Sustitución,utblac_JGI_XXIII-13_Atlatlauhca_03,1,False,False,False,False,not selected
95,BnF_264_02,Llama 3.3 70B · 12 000 TPM,bnf_264,7,Paloma,445,28,28,62.921348314606746,Abreviaturas,Abreviaturas — No sub-rule assigned,BnF_264_02,1,False,False,False,False,not selected
96,AMP_AC_v021__doc026_2,Llama 3.3 70B · 12 000 TPM,amp_ac,6,Alba,112,7,7,62.5,Abreviaturas,Abreviaturas — No sub-rule assigned | Cambios — Inserción,AMP_AC_v021__doc026_2,1,False,False,False,False,not selected
97,Mechoacan_Yurirapundaro_1,Llama 3.3 70B · 12 000 TPM,mechoacan_yurirapundaro,3,Adriana,321,20,20,62.30529595015577,Abreviaturas | Cambios,Cambios — Inserción,Mechoacan_Yurirapundaro_1,1,False,False,False,False,not selected
98,utblac_wbs_0912a_duplicated,Llama 3.3 70B · 12 000 TPM,utblac_wbs,4,Arturo,358,22,23,61.452513966480446,Puntuación,"Puntuación — Coma (,)",utblac_wbs_0912a_duplicated,1,False,False,False,False,not selected
99,BP_CM_R481_071_2,Llama 3.3 70B · 12 000 TPM,bp_cm,3,Adriana,301,18,22,59.800664451827245,Cambios,Cambios — Sustitución,BP_CM_R481_071_2,1,False,False,False,False,not selected
100,utblac_gg_mss_g62_duplicated_03,Llama 3.3 70B · 12 000 TPM,utblac_gg,8,Flor,184,11,11,59.78260869565218,Cambios,Cambios — Sustitución,utblac_gg_mss_g62,4,True,False,False,False,not selected
101,utblac_gg_mss_g62_duplicated_15,Llama 3.3 70B · 12 000 TPM,utblac_gg,2,Paco,152,9,9,59.21052631578947,Acentuación,Acentuación — No sub-rule assigned,utblac_gg_mss_g62,4,True,False,False,False,not selected
102,AGI_INDIFERENTE_2065_N45_11,Llama 3.3 70B · 12 000 TPM,agi_indiferente,6,Alba,169,10,11,59.171597633136095,Cambios,Puntuación — No sub-rule assigned,AGI_INDIFERENTE_2065_N45_11,1,False,False,False,False,not selected
103,BnF_174_02,Llama 3.3 70B · 12 000 TPM,bnf_174,1,Javier,306,18,18,58.8235294117647,Abreviaturas,Abreviaturas — Expansión completa,BnF_174_02,1,False,False,False,False,not selected
104,BnF_110_13,Llama 3.3 70B · 12 000 TPM,bnf_110,3,Adriana,289,17,17,58.8235294117647,Cambios,Abreviaturas — Expansión completa | Cambios — Sustitución,BnF_110_13,1,False,False,False,False,not selected
105,AGN_Inquisicion_v1568A_exp152_fs115-116v_03,Llama 3.3 70B · 12 000 TPM,agn_inquisicion,1,Javier,223,13,13,58.29596412556054,Abreviaturas,Abreviaturas — Expansión completa,AGN_Inquisicion_v1568A_exp152_fs115-116v_03,1,False,False,False,False,not selected
106,AGN_Marina_v031A_exp02_fs85-92_11,Llama 3.3 70B · 12 000 TPM,agn_marina,3,Adriana,122,7,7,57.37704918032787,Filológicas - instrucciones,Filológicas - instrucciones — Regularización de labiales (b/v),AGN_Marina_v031A_exp02_fs85-92_11,1,False,False,False,False,not selected
107,UIA_Ms149_Exp3_43,Llama 3.3 70B · 12 000 TPM,uia_ms149,2,Paco,297,17,21,57.23905723905724,Cambios,Cambios — Inserción,UIA_Ms149_Exp3_43,1,False,False,False,False,not selected
108,BnF_111_21,Llama 3.3 70B · 12 000 TPM,bnf_111,8,Flor,494,27,27,54.655870445344135,Cambios,Abreviaturas — Expansión completa,BnF_111_21,1,False,False,False,False,not selected
109,AGN_Marina_v002_exp024_005,GPT OSS 120B · 8 000 TPM,agn_marina,8,Flor,110,6,6,54.54545454545454,Abreviaturas,Abreviaturas — No sub-rule assigned,AGN_Marina_v002_exp024_005,1,False,False,False,False,not selected
110,BnF_111_27,Llama 3.3 70B · 12 000 TPM,bnf_111,6,Alba,570,31,35,54.38596491228071,Cambios,Cambios — Sustitución,BnF_111_27,1,False,False,False,False,not selected
111,UIA_Ms149_Exp3_31,Llama 3.3 70B · 12 000 TPM,uia_ms149,6,Alba,282,15,16,53.191489361702125,Cambios,Cambios — Sustitución,UIA_Ms149_Exp3_31,1,False,False,False,False,not selected
112,AGN_Inquisicion_v1570A_exp134_fs159-160v_02,Llama 3.3 70B · 12 000 TPM,agn_inquisicion,3,Adriana,113,6,6,53.09734513274336,Cambios,Cambios — Sustitución,AGN_Inquisicion_v1570A_exp134_fs159-160v_02,1,False,False,False,False,not selected
113,utblac_gg_mss_g62_duplicated_09,Llama 3.3 70B · 12 000 TPM,utblac_gg,8,Flor,215,11,12,51.16279069767442,Cambios,Cambios — Deleción,utblac_gg_mss_g62,4,True,False,False,False,not selected
114,BnF_111_22,Llama 3.3 70B · 12 000 TPM,bnf_111,7,Paloma,569,29,36,50.966608084358526,Filológicas - instrucciones,Abreviaturas — Expansión completa | Filológicas - instrucciones — Regularización de H etimológica,BnF_111_22,1,False,False,False,False,not selected
115,AGN_IndiferenteVirreinal_caja4071_exp024_1,Llama 3.3 70B · 12 000 TPM,agn_indiferentevirreinal,9,Rodrigo,276,14,19,50.72463768115942,Abreviaturas | Cambios,"Abreviaturas — Excepciones (desto/a/os, dello/a/os) | Cambios — Deleción | Cambios — Sustitución",AGN_IndiferenteVirreinal_caja4071_exp024_1,1,False,False,False,False,not selected
116,BnF_174_04,Llama 3.3 70B · 12 000 TPM,bnf_174,7,Paloma,636,32,32,50.31446540880504,Cambios,Cambios — Deleción,BnF_174_04,1,False,False,False,False,not selected
117,BnF_266_10,Llama 3.3 70B · 12 000 TPM,bnf_266,8,Flor,800,40,48,50.0,Cambios,Cambios — Sustitución,BnF_266_10,1,False,False,False,False,not selected
118,BnF_244_03,Llama 3.3 70B · 12 000 TPM,bnf_244,4,Arturo,283,14,14,49.46996466431095,Puntuación,"Puntuación — Coma (,)",BnF_244_03,1,False,False,False,False,not selected
119,AGI_PATRONATO_181_R13_1,GPT OSS 120B · 8 000 TPM,agi_patronato,7,Paloma,329,16,20,48.632218844984806,Cambios,Cambios — Deleción,AGI_PATRONATO_181_R13_1,1,False,False,False,False,not selected
120,BnF_110_09,Llama 3.3 70B · 12 000 TPM,bnf_110,6,Alba,369,17,18,46.07046070460704,Cambios,Cambios — Sustitución,BnF_110_09,1,False,False,False,False,not selected
121,AGI_CONTRATACION_1091_N3_098,GPT OSS 120B · 8 000 TPM,agi_contratacion,1,Javier,180,8,8,44.44444444444444,Abreviaturas,Abreviaturas — Expansión completa,AGI_CONTRATACION_1091_N3_098,1,False,False,False,False,not selected
122,BnF_266_03,Llama 3.3 70B · 12 000 TPM,bnf_266,9,Rodrigo,766,34,40,44.38642297650131,Cambios,Acentuación — No sub-rule assigned | Cambios — Sustitución,BnF_266_03,1,False,False,False,False,not selected
123,BnF_244_05,Llama 3.3 70B · 12 000 TPM,bnf_244,5,Edna,280,12,12,42.85714285714285,Filológicas - instrucciones,Filológicas - instrucciones — Regularización de i/y vocálicas,BnF_244_05,1,False,False,False,False,not selected
124,BnF_119-148_24,Llama 3.3 70B · 12 000 TPM,bnf_119-148,3,Adriana,284,12,12,42.25352112676056,Cambios,Cambios — Sustitución,BnF_119-148_24,1,False,False,False,False,not selected
125,BnF_394_07,Llama 3.3 70B · 12 000 TPM,bnf_394,9,Rodrigo,413,17,21,41.16222760290557,Cambios,Cambios — Sustitución,BnF_394_07,1,False,False,False,False,not selected
126,BP_CM_R494_156_2,Llama 3.3 70B · 12 000 TPM,bp_cm,1,Javier,366,15,15,40.98360655737704,Cambios,Abreviaturas — Expansión completa | Cambios — Deleción,BP_CM_R494_156_2,1,False,False,False,False,not selected
127,BnF_266_07,Llama 3.3 70B · 12 000 TPM,bnf_266,2,Paco,923,35,38,37.91982665222102,Cambios,Cambios — Deleción,BnF_266_07,1,False,False,False,False,not selected
128,BnF_243_17,Llama 3.3 70B · 12 000 TPM,bnf_243,5,Edna,400,15,15,37.5,Abreviaturas,Abreviaturas — No sub-rule assigned,BnF_243_17,1,False,False,False,False,not selected
129,BP_CM_32386_007_2,Llama 3.3 70B · 12 000 TPM,bp_cm,9,Rodrigo,358,13,13,36.312849162011176,Cambios,Cambios — Sustitución,BP_CM_32386_007_2,1,False,False,False,False,not selected
130,utblac_eog_v_41_orig_03,Llama 3.3 70B · 12 000 TPM,utblac_eog,8,Flor,166,6,6,36.14457831325301,Abreviaturas | Filológicas - instrucciones,Abreviaturas — Expansión completa,utblac_eog_v_41_orig_03,1,False,False,False,False,not selected
131,UIA_Ms149_Exp3_04,Llama 3.3 70B · 12 000 TPM,uia_ms149,6,Alba,285,10,11,35.08771929824561,Abreviaturas,Abreviaturas — Expansión completa,UIA_Ms149_Exp3_04,1,False,False,False,False,not selected
132,utblac_wbs_1433_duplicated_1,Llama 3.3 70B · 12 000 TPM,utblac_wbs,9,Rodrigo,544,19,22,34.9264705882353,Cambios,Cambios — Sustitución,utblac_wbs_1433,1,False,False,False,False,not selected
133,AGN_Marina_v004_exp006_005,GPT OSS 120B · 8 000 TPM,agn_marina,5,Edna,87,3,3,34.48275862068965,Puntuación,"Puntuación — Coma (,)",AGN_Marina_v004_exp006_005,1,False,False,False,False,not selected
134,utblac_gg_mss_g62_duplicated_11,Llama 3.3 70B · 12 000 TPM,utblac_gg,6,Alba,175,6,6,34.285714285714285,Abreviaturas,Abreviaturas — Expansión completa | Filológicas - instrucciones — Regularización de labiales (b/v),utblac_gg_mss_g62,4,True,False,False,False,not selected
135,utblac_JGI_XXIII-09_Amula_25,Llama 3.3 70B · 12 000 TPM,utblac_jgi,9,Rodrigo,146,5,8,34.24657534246575,Cambios,Cambios — Sustitución,utblac_JGI_XXIII-09_Amula_25,1,False,False,False,False,not selected
136,BnF_264_12,Llama 3.3 70B · 12 000 TPM,bnf_264,5,Edna,819,28,32,34.188034188034194,Cambios,Cambios — Deleción,BnF_264_12,1,False,False,False,False,not selected
137,BnF_117_08,Llama 3.3 70B · 12 000 TPM,bnf_117,5,Edna,273,9,12,32.96703296703297,Abreviaturas,Abreviaturas — No sub-rule assigned,BnF_117_08,1,False,False,False,False,not selected
138,BnF_243_18,Llama 3.3 70B · 12 000 TPM,bnf_243,3,Adriana,456,15,17,32.89473684210526,Cambios,Cambios — Sustitución,BnF_243_18,1,False,False,False,False,not selected
139,AGN_Tierras_v2963_exp059_24,Llama 3.3 70B · 12 000 TPM,agn_tierras,2,Paco,122,4,5,32.786885245901644,Cambios,Cambios — Inserción | Cambios — Sustitución,AGN_Tierras_v2963_exp059_24,1,False,False,False,False,not selected
140,BnF_394_10,Llama 3.3 70B · 12 000 TPM,bnf_394,8,Flor,502,16,16,31.872509960159363,Cambios,Cambios — Sustitución,BnF_394_10,1,False,False,False,False,not selected
141,BnF_167_29,Llama 3.3 70B · 12 000 TPM,bnf_167,3,Adriana,285,9,9,31.57894736842105,Abreviaturas,Abreviaturas — Expansión completa,BnF_167_29,1,False,False,False,False,not selected
142,BnF_119-148_16,Llama 3.3 70B · 12 000 TPM,bnf_119-148,8,Flor,223,7,9,31.390134529147986,Cambios,Cambios — Sustitución,BnF_119-148_16,1,False,False,False,False,not selected
143,AGN_IndiferenteVirreinal_caja4156_exp025,Llama 3.3 70B · 12 000 TPM,agn_indiferentevirreinal,1,Javier,128,4,4,31.25,Puntuación,"Puntuación — Coma (,)",AGN_IndiferenteVirreinal_caja4156_exp025,1,False,False,False,False,not selected
144,AGN_Inquisicion_v1568A_exp152_fs115-116v_01,Llama 3.3 70B · 12 000 TPM,agn_inquisicion,9,Rodrigo,258,8,9,31.00775193798449,Cambios,Cambios — Deleción,AGN_Inquisicion_v1568A_exp152_fs115-116v_01,1,False,False,False,False,not selected
145,BnF_118_06,Llama 3.3 70B · 12 000 TPM,bnf_118,5,Edna,279,8,10,28.67383512544803,Cambios,Abreviaturas — No sub-rule assigned | Cambios — Deleción | Cambios — Sustitución,BnF_118_06,1,False,False,False,False,not selected
146,BnF_167_25,Llama 3.3 70B · 12 000 TPM,bnf_167,2,Paco,389,11,11,28.27763496143959,Cambios,Cambios — Sustitución,BnF_167_25,1,False,False,False,False,not selected
147,AGN_Inquisicion_v1568A_exp152_fs115-116v_04,Llama 3.3 70B · 12 000 TPM,agn_inquisicion,7,Paloma,40,1,1,25.0,Abreviaturas,Abreviaturas — Expansión completa,AGN_Inquisicion_v1568A_exp152_fs115-116v_04,1,False,False,False,False,not selected
148,AGN_GralParte_v001_exp1020_01,Llama 3.3 70B · 12 000 TPM,agn_gralparte,7,Paloma,338,8,8,23.66863905325444,Cambios,Cambios — Deleción | Cambios — Inserción | Cambios — Sustitución,AGN_GralParte_v001_exp1020_01,1,False,False,False,False,not selected
149,BnF_117_14,Llama 3.3 70B · 12 000 TPM,bnf_117,6,Alba,334,7,7,20.958083832335326,Cambios,Cambios — Inserción | Cambios — Sustitución,BnF_117_14,1,False,False,False,False,not selected
150,AGN_RealesCedDup_v003_exp334,Llama 3.3 70B · 12 000 TPM,agn_realesceddup,6,Alba,338,7,7,20.710059171597635,Cambios,Cambios — Deleción,AGN_RealesCedDup_v003_exp334,1,False,False,False,False,not selected
151,BnF_266_06,Llama 3.3 70B · 12 000 TPM,bnf_266,3,Adriana,822,17,18,20.68126520681265,Cambios,Cambios — Sustitución,BnF_266_06,1,False,False,False,False,not selected
152,BnF_244_02,Llama 3.3 70B · 12 000 TPM,bnf_244,6,Alba,146,3,3,20.54794520547945,Abreviaturas,Abreviaturas — No sub-rule assigned,BnF_244_02,1,False,False,False,False,not selected
153,LoC_HPKraus_138_new_07,Llama 3.3 70B · 12 000 TPM,loc_hpkraus,5,Edna,295,6,6,20.338983050847457,Abreviaturas | Puntuación,"Abreviaturas — No sub-rule assigned | Puntuación — Coma (,)",LoC_HPKraus_138_new_07,1,False,False,False,False,not selected
154,utblac_JGI_XXV-05_Tequixquiac_25,Llama 3.3 70B · 12 000 TPM,utblac_jgi,5,Edna,298,5,5,16.778523489932887,Filológicas - instrucciones,Filológicas - instrucciones — Regularización de H etimológica,utblac_JGI_XXV-05_Tequixquiac_25,1,False,False,False,False,not selected
155,AGI_PATRONATO_181_R13_2,Llama 3.3 70B · 12 000 TPM,agi_patronato,7,Paloma,312,5,5,16.025641025641026,Filológicas - instrucciones,Filológicas - instrucciones — Regularización de H etimológica,AGI_PATRONATO_181_R13_2,1,False,False,False,False,not selected
156,AGS_CE_RG_L379_05,Llama 3.3 70B · 12 000 TPM,ags_ce,8,Flor,189,3,3,15.873015873015872,Filológicas - instrucciones,Filológicas - instrucciones — Regularización de labiales (b/v),AGS_CE_RG_L379_05,1,False,False,False,False,not selected
157,BnF_174_06,Llama 3.3 70B · 12 000 TPM,bnf_174,1,Javier,641,10,11,15.600624024960998,Puntuación,"Puntuación — Coma (,)",BnF_174_06,1,False,False,False,False,not selected
158,BnF_174_05,Llama 3.3 70B · 12 000 TPM,bnf_174,3,Adriana,663,10,11,15.082956259426847,Cambios,Cambios — Sustitución,BnF_174_05,1,False,False,False,False,not selected
159,BnF_113_25,Llama 3.3 70B · 12 000 TPM,bnf_113,8,Flor,598,9,9,15.050167224080267,Cambios,Cambios — Sustitución,BnF_113_25,1,False,False,False,False,not selected
160,BnF_116_06,Llama 3.3 70B · 12 000 TPM,bnf_116,5,Edna,133,2,2,15.037593984962406,Puntuación,"Puntuación — Coma (,)",BnF_116_06,1,False,False,False,False,not selected
161,BnF_117_15,Llama 3.3 70B · 12 000 TPM,bnf_117,8,Flor,136,2,2,14.705882352941176,Cambios,Cambios — Inserción | Cambios — Sustitución,BnF_117_15,1,False,False,False,False,not selected
162,BnF_283_12,Llama 3.3 70B · 12 000 TPM,bnf_283,1,Javier,553,8,8,14.466546112115733,Puntuación,"Puntuación — Coma (,) | Puntuación — Punto (.)",BnF_283_12,1,False,False,False,False,not selected
163,BnF_119-148_13,Llama 3.3 70B · 12 000 TPM,bnf_119-148,5,Edna,279,4,5,14.336917562724016,Cambios,Cambios — Inserción,BnF_119-148_13,1,False,False,False,False,not selected
164,BNE_ms3047_3,Llama 3.3 70B · 12 000 TPM,bne_ms3047,1,Javier,462,5,5,10.822510822510822,Abreviaturas,Abreviaturas — Expansión completa,BNE_ms3047_3,1,False,False,False,False,not selected
165,AGN_RealesCedDup_v016_exp515,Llama 3.3 70B · 12 000 TPM,agn_realesceddup,6,Alba,316,3,3,9.49367088607595,Cambios,Cambios — Inserción,AGN_RealesCedDup_v016_exp515,1,False,False,False,False,not selected
166,BnF_167_03,Llama 3.3 70B · 12 000 TPM,bnf_167,1,Javier,440,4,4,9.09090909090909,Cambios | Puntuación,"Puntuación — Coma (,)",BnF_167_03,1,False,False,False,False,not selected
167,BnF_283_05,Llama 3.3 70B · 12 000 TPM,bnf_283,6,Alba,564,5,8,8.865248226950355,Cambios,Cambios — Inserción,BnF_283_05,1,False,False,False,False,not selected
168,LoC_HPKraus_138_new_14,Llama 3.3 70B · 12 000 TPM,loc_hpkraus,9,Rodrigo,232,2,2,8.620689655172413,Cambios,Cambios — Sustitución,LoC_HPKraus_138_new_14,1,False,False,False,False,not selected
169,AGI_PATRONATO_182_R3_03,Llama 3.3 70B · 12 000 TPM,agi_patronato,1,Javier,248,2,2,8.064516129032258,Cambios,Cambios — Sustitución,AGI_PATRONATO_182_R3_03,1,False,False,False,False,not selected
170,AGN_Congregaciones_v001_exp076,Llama 3.3 70B · 12 000 TPM,agn_congregaciones,1,Javier,374,3,3,8.02139037433155,Cambios,Cambios — Sustitución,AGN_Congregaciones_v001_exp076,1,False,False,False,False,not selected
171,utblac_wbs_888_duplicated_1,Llama 3.3 70B · 12 000 TPM,utblac_wbs,5,Edna,288,2,2,6.944444444444444,Cambios | Puntuación,"Cambios — Sustitución | Puntuación — Coma (,)",utblac_wbs_888,2,True,False,False,False,not selected
172,BnF_167_04,Llama 3.3 70B · 12 000 TPM,bnf_167,1,Javier,458,3,3,6.550218340611353,Puntuación,"Puntuación — Coma (,)",BnF_167_04,1,False,False,False,False,not selected
173,BnF_283_03,Llama 3.3 70B · 12 000 TPM,bnf_283,5,Edna,460,3,3,6.521739130434782,Cambios,Cambios — Inserción,BnF_283_03,1,False,False,False,False,not selected
174,utblac_JGI_XXIV-11_Justlahuaca_57,Llama 3.3 70B · 12 000 TPM,utblac_jgi,8,Flor,307,2,2,6.514657980456026,Cambios | Filológicas - instrucciones,Cambios — Inserción | Filológicas - instrucciones — Regularización de labiales (b/v),utblac_JGI_XXIV-11_Justlahuaca_57,1,False,False,False,False,not selected
175,utblac_eog_wbs_procesal_sample_01_10,Llama 3.3 70B · 12 000 TPM,utblac_eog,1,Javier,191,1,1,5.235602094240838,Cambios,Cambios — Deleción,utblac_eog_wbs_procesal_sample_01_10,1,False,False,False,False,not selected
176,BnF_167_10,Llama 3.3 70B · 12 000 TPM,bnf_167,5,Edna,437,2,2,4.576659038901602,Cambios,Cambios — Inserción,BnF_167_10,1,False,False,False,False,not selected
177,UIA_Ms149_Exp3_08,Llama 3.3 70B · 12 000 TPM,uia_ms149,1,Javier,296,1,1,3.3783783783783785,Puntuación,"Puntuación — Coma (,)",UIA_Ms149_Exp3_08,1,False,False,False,False,not selected
178,utblac_eog_v_41_orig_10,Llama 3.3 70B · 12 000 TPM,utblac_eog,1,Javier,15,0,0,0.0,No included annotations,No included annotations,utblac_eog_v_41_orig_10,1,False,False,False,False,not selected
179,utblac_wbs_0886_duplicated_2,Llama 3.3 70B · 12 000 TPM,utblac_wbs,2,Paco,30,0,0,0.0,No included annotations,No included annotations,utblac_wbs_0886,1,False,False,False,False,not selected
180,utblac_wbs_888_duplicated_2,Llama 3.3 70B · 12 000 TPM,utblac_wbs,5,Edna,17,0,0,0.0,No included annotations,No included annotations,utblac_wbs_888,2,True,False,False,False,not selected
