document_number,filename_stem,model,archive,reviewer_packet,reviewer_name,n_modernised_tokens,n_included_annotations,n_included_assignments,included_annotations_per_1000_tokens,most_frequent_error_category,most_frequent_category_subrule,document_family,reviewed_documents_in_family,repeated_document_family,annotation_count_upper_outlier_threshold,annotation_rate_upper_outlier_threshold,unusually_high_annotation_count,unusually_high_annotation_rate,above_either_upper_outlier_threshold,upper_outlier_reason,prompt_review_group_order
1,BnF_267_23,Llama 3.3 70B · 12 000 TPM,bnf_267,2,Paco,226,83,85,367.2566371681416,Abreviaturas,Abreviaturas — Expansión completa,BnF_267_23,1,False,49.625,192.68110262883124,True,True,True,count and rate,1
2,BnF_267_03,Llama 3.3 70B · 12 000 TPM,bnf_267,2,Paco,227,79,79,348.01762114537445,Abreviaturas,Abreviaturas — Expansión completa,BnF_267_03,1,False,49.625,192.68110262883124,True,True,True,count and rate,1
3,BnF_032_23,Llama 3.3 70B · 12 000 TPM,bnf_032,4,Arturo,648,100,103,154.320987654321,Puntuación,"Puntuación — Coma (,)",BnF_032_23,1,False,49.625,192.68110262883124,True,False,True,count,2
4,BnF_266_05,Llama 3.3 70B · 12 000 TPM,bnf_266,3,Adriana,884,100,192,113.12217194570135,Cambios,Cambios — Sustitución,BnF_266_05,1,False,49.625,192.68110262883124,True,False,True,count,2
5,BnF_174_03,Llama 3.3 70B · 12 000 TPM,bnf_174,4,Arturo,701,96,104,136.9472182596291,Puntuación,"Puntuación — Coma (,)",BnF_174_03,1,False,49.625,192.68110262883124,True,False,True,count,2
6,BnF_264_03,Llama 3.3 70B · 12 000 TPM,bnf_264,3,Adriana,955,74,79,77.4869109947644,Abreviaturas,Abreviaturas — Expansión completa,BnF_264_03,1,False,49.625,192.68110262883124,True,False,True,count,2
7,AGI_INDIFERENTE_1529_N36_07,Llama 3.3 70B · 12 000 TPM,agi_indiferente,9,Rodrigo,327,62,75,189.6024464831804,Cambios,Cambios — Otros,AGI_INDIFERENTE_1529_N36_07,1,False,49.625,192.68110262883124,True,False,True,count,2
8,UIA_Ms149_Exp2_51,Llama 3.3 70B · 12 000 TPM,uia_ms149,4,Arturo,391,58,66,148.33759590792835,Cambios,Cambios — Sustitución,UIA_Ms149_Exp2_51,1,False,49.625,192.68110262883124,True,False,True,count,2
9,BnF_075_003,Llama 3.3 70B · 12 000 TPM,bnf_075,3,Adriana,289,50,51,173.01038062283737,Cambios,Cambios — No sub-rule assigned,BnF_075_003,1,False,49.625,192.68110262883124,True,False,True,count,2
10,BnF_075_026,Llama 3.3 70B · 12 000 TPM,bnf_075,4,Arturo,202,46,50,227.72277227722773,Cambios,Cambios — No sub-rule assigned,BnF_075_026,1,False,49.625,192.68110262883124,False,True,True,rate,3
