span_rank,normalised_annotated_text,reviewer_name,reviewer_packet,model,distinct_annotations,affected_documents,affected_archives
1,y,Javier,1,GPT OSS 120B · 8 000 TPM,11,1,1
1,y,Paco,2,GPT OSS 120B · 8 000 TPM,22,2,2
1,y,Paco,2,Llama 3.3 70B · 12 000 TPM,11,3,3
1,y,Adriana,3,Llama 3.3 70B · 12 000 TPM,29,2,2
1,y,Arturo,4,Llama 3.3 70B · 12 000 TPM,49,4,3
1,y,Paloma,7,Llama 3.3 70B · 12 000 TPM,18,1,1
1,y,Flor,8,Llama 3.3 70B · 12 000 TPM,13,6,5
1,y,Rodrigo,9,GPT OSS 120B · 8 000 TPM,17,4,4
1,y,Rodrigo,9,Llama 3.3 70B · 12 000 TPM,15,4,3
2,po,Javier,1,GPT OSS 120B · 8 000 TPM,3,1,1
2,po,Javier,1,Llama 3.3 70B · 12 000 TPM,1,1,1
2,po,Paco,2,GPT OSS 120B · 8 000 TPM,3,2,2
2,po,Paco,2,Llama 3.3 70B · 12 000 TPM,61,2,1
2,po,Arturo,4,GPT OSS 120B · 8 000 TPM,1,1,1
2,po,Arturo,4,Llama 3.3 70B · 12 000 TPM,6,2,2
2,po,Alba,6,GPT OSS 120B · 8 000 TPM,1,1,1
2,po,Alba,6,Llama 3.3 70B · 12 000 TPM,5,2,2
2,po,Paloma,7,Llama 3.3 70B · 12 000 TPM,2,1,1
2,po,Flor,8,Llama 3.3 70B · 12 000 TPM,1,1,1
2,po,Rodrigo,9,GPT OSS 120B · 8 000 TPM,1,1,1
3,to,Javier,1,GPT OSS 120B · 8 000 TPM,5,1,1
3,to,Paco,2,Llama 3.3 70B · 12 000 TPM,63,2,1
3,to,Flor,8,GPT OSS 120B · 8 000 TPM,6,1,1
3,to,Flor,8,Llama 3.3 70B · 12 000 TPM,8,2,2
4,franco,Javier,1,GPT OSS 120B · 8 000 TPM,4,1,1
4,franco,Paco,2,GPT OSS 120B · 8 000 TPM,7,5,5
4,franco,Paco,2,Llama 3.3 70B · 12 000 TPM,9,5,5
4,franco,Adriana,3,GPT OSS 120B · 8 000 TPM,2,1,1
4,franco,Arturo,4,GPT OSS 120B · 8 000 TPM,5,1,1
4,franco,Arturo,4,Llama 3.3 70B · 12 000 TPM,3,2,2
4,franco,Edna,5,GPT OSS 120B · 8 000 TPM,3,3,3
4,franco,Paloma,7,GPT OSS 120B · 8 000 TPM,2,2,2
4,franco,Paloma,7,Llama 3.3 70B · 12 000 TPM,9,3,3
4,franco,Flor,8,GPT OSS 120B · 8 000 TPM,4,1,1
4,franco,Flor,8,Llama 3.3 70B · 12 000 TPM,8,4,4
4,franco,Rodrigo,9,GPT OSS 120B · 8 000 TPM,8,3,3
4,franco,Rodrigo,9,Llama 3.3 70B · 12 000 TPM,5,1,1
5,dho,Javier,1,GPT OSS 120B · 8 000 TPM,5,2,2
5,dho,Paco,2,GPT OSS 120B · 8 000 TPM,8,1,1
5,dho,Paco,2,Llama 3.3 70B · 12 000 TPM,6,2,2
5,dho,Adriana,3,GPT OSS 120B · 8 000 TPM,2,1,1
5,dho,Arturo,4,GPT OSS 120B · 8 000 TPM,4,1,1
5,dho,Edna,5,GPT OSS 120B · 8 000 TPM,4,1,1
5,dho,Alba,6,GPT OSS 120B · 8 000 TPM,10,3,3
5,dho,Paloma,7,GPT OSS 120B · 8 000 TPM,13,2,2
5,dho,Flor,8,GPT OSS 120B · 8 000 TPM,6,1,1
5,dho,Rodrigo,9,GPT OSS 120B · 8 000 TPM,2,1,1
6,q,Paco,2,GPT OSS 120B · 8 000 TPM,11,2,2
6,q,Paco,2,Llama 3.3 70B · 12 000 TPM,2,1,1
6,q,Edna,5,GPT OSS 120B · 8 000 TPM,7,1,1
6,q,Alba,6,GPT OSS 120B · 8 000 TPM,15,2,2
6,q,Paloma,7,GPT OSS 120B · 8 000 TPM,2,1,1
6,q,Flor,8,GPT OSS 120B · 8 000 TPM,13,1,1
6,q,Rodrigo,9,GPT OSS 120B · 8 000 TPM,6,1,1
7,del,Paco,2,GPT OSS 120B · 8 000 TPM,5,1,1
7,del,Paco,2,Llama 3.3 70B · 12 000 TPM,1,1,1
7,del,Arturo,4,Llama 3.3 70B · 12 000 TPM,4,2,2
7,del,Edna,5,GPT OSS 120B · 8 000 TPM,3,1,1
7,del,Alba,6,GPT OSS 120B · 8 000 TPM,8,2,2
7,del,Paloma,7,GPT OSS 120B · 8 000 TPM,6,1,1
7,del,Paloma,7,Llama 3.3 70B · 12 000 TPM,5,1,1
7,del,Flor,8,Llama 3.3 70B · 12 000 TPM,2,1,1
7,del,Rodrigo,9,GPT OSS 120B · 8 000 TPM,1,1,1
7,del,Rodrigo,9,Llama 3.3 70B · 12 000 TPM,1,1,1
8,dha,Javier,1,GPT OSS 120B · 8 000 TPM,1,1,1
8,dha,Paco,2,GPT OSS 120B · 8 000 TPM,4,2,2
8,dha,Paco,2,Llama 3.3 70B · 12 000 TPM,1,1,1
8,dha,Adriana,3,GPT OSS 120B · 8 000 TPM,1,1,1
8,dha,Arturo,4,GPT OSS 120B · 8 000 TPM,2,1,1
8,dha,Edna,5,GPT OSS 120B · 8 000 TPM,3,2,2
8,dha,Alba,6,GPT OSS 120B · 8 000 TPM,7,3,3
8,dha,Paloma,7,GPT OSS 120B · 8 000 TPM,7,3,3
8,dha,Flor,8,GPT OSS 120B · 8 000 TPM,4,1,1
8,dha,Rodrigo,9,GPT OSS 120B · 8 000 TPM,5,1,1
9,que,Paco,2,Llama 3.3 70B · 12 000 TPM,11,3,3
9,que,Arturo,4,GPT OSS 120B · 8 000 TPM,1,1,1
9,que,Arturo,4,Llama 3.3 70B · 12 000 TPM,8,5,5
9,que,Edna,5,Llama 3.3 70B · 12 000 TPM,1,1,1
9,que,Paloma,7,Llama 3.3 70B · 12 000 TPM,6,3,3
9,que,Flor,8,GPT OSS 120B · 8 000 TPM,3,1,1
9,que,Flor,8,Llama 3.3 70B · 12 000 TPM,2,2,2
9,que,Rodrigo,9,Llama 3.3 70B · 12 000 TPM,1,1,1
10,mi,Paco,2,GPT OSS 120B · 8 000 TPM,13,2,2
10,mi,Paco,2,Llama 3.3 70B · 12 000 TPM,3,1,1
10,mi,Adriana,3,GPT OSS 120B · 8 000 TPM,1,1,1
10,mi,Arturo,4,GPT OSS 120B · 8 000 TPM,1,1,1
10,mi,Arturo,4,Llama 3.3 70B · 12 000 TPM,1,1,1
10,mi,Edna,5,GPT OSS 120B · 8 000 TPM,12,1,1
10,mi,Paloma,7,Llama 3.3 70B · 12 000 TPM,2,1,1
11,puo,Javier,1,GPT OSS 120B · 8 000 TPM,1,1,1
11,puo,Paco,2,GPT OSS 120B · 8 000 TPM,3,1,1
11,puo,Paco,2,Llama 3.3 70B · 12 000 TPM,6,2,1
11,puo,Alba,6,GPT OSS 120B · 8 000 TPM,3,2,2
11,puo,Paloma,7,GPT OSS 120B · 8 000 TPM,6,1,1
11,puo,Flor,8,GPT OSS 120B · 8 000 TPM,6,1,1
12,do,Javier,1,GPT OSS 120B · 8 000 TPM,2,1,1
12,do,Paco,2,GPT OSS 120B · 8 000 TPM,11,2,2
12,do,Arturo,4,GPT OSS 120B · 8 000 TPM,2,1,1
12,do,Edna,5,GPT OSS 120B · 8 000 TPM,4,2,2
12,do,Alba,6,GPT OSS 120B · 8 000 TPM,1,1,1
12,do,Paloma,7,GPT OSS 120B · 8 000 TPM,3,1,1
12,do,Rodrigo,9,GPT OSS 120B · 8 000 TPM,1,1,1
13,juo,Javier,1,GPT OSS 120B · 8 000 TPM,1,1,1
13,juo,Adriana,3,Llama 3.3 70B · 12 000 TPM,5,3,3
13,juo,Arturo,4,Llama 3.3 70B · 12 000 TPM,3,2,2
13,juo,Alba,6,GPT OSS 120B · 8 000 TPM,2,1,1
13,juo,Alba,6,Llama 3.3 70B · 12 000 TPM,4,2,2
13,juo,Rodrigo,9,GPT OSS 120B · 8 000 TPM,1,1,1
13,juo,Rodrigo,9,Llama 3.3 70B · 12 000 TPM,7,2,2
14,pos,Javier,1,GPT OSS 120B · 8 000 TPM,6,1,1
14,pos,Paco,2,Llama 3.3 70B · 12 000 TPM,5,2,1
14,pos,Paloma,7,GPT OSS 120B · 8 000 TPM,1,1,1
14,pos,Rodrigo,9,GPT OSS 120B · 8 000 TPM,10,1,1
15,de,Javier,1,GPT OSS 120B · 8 000 TPM,1,1,1
15,de,Paco,2,GPT OSS 120B · 8 000 TPM,2,2,2
15,de,Arturo,4,GPT OSS 120B · 8 000 TPM,3,2,2
15,de,Arturo,4,Llama 3.3 70B · 12 000 TPM,1,1,1
15,de,Alba,6,GPT OSS 120B · 8 000 TPM,1,1,1
15,de,Alba,6,Llama 3.3 70B · 12 000 TPM,1,1,1
15,de,Paloma,7,GPT OSS 120B · 8 000 TPM,3,2,2
15,de,Flor,8,Llama 3.3 70B · 12 000 TPM,2,2,2
15,de,Rodrigo,9,GPT OSS 120B · 8 000 TPM,3,1,1
15,de,Rodrigo,9,Llama 3.3 70B · 12 000 TPM,4,3,3
16,de esta,Adriana,3,Llama 3.3 70B · 12 000 TPM,3,1,1
16,de esta,Arturo,4,Llama 3.3 70B · 12 000 TPM,5,2,2
16,de esta,Paloma,7,Llama 3.3 70B · 12 000 TPM,6,3,3
16,de esta,Rodrigo,9,Llama 3.3 70B · 12 000 TPM,7,3,3
17,el,Javier,1,GPT OSS 120B · 8 000 TPM,1,1,1
17,el,Adriana,3,Llama 3.3 70B · 12 000 TPM,1,1,1
17,el,Arturo,4,GPT OSS 120B · 8 000 TPM,2,2,2
17,el,Arturo,4,Llama 3.3 70B · 12 000 TPM,4,4,4
17,el,Edna,5,GPT OSS 120B · 8 000 TPM,1,1,1
17,el,Rodrigo,9,GPT OSS 120B · 8 000 TPM,5,3,3
17,el,Rodrigo,9,Llama 3.3 70B · 12 000 TPM,3,2,2
18,a,Arturo,4,Llama 3.3 70B · 12 000 TPM,6,3,3
18,a,Paloma,7,GPT OSS 120B · 8 000 TPM,1,1,1
18,a,Paloma,7,Llama 3.3 70B · 12 000 TPM,2,2,2
18,a,Flor,8,GPT OSS 120B · 8 000 TPM,1,1,1
18,a,Flor,8,Llama 3.3 70B · 12 000 TPM,1,1,1
18,a,Rodrigo,9,GPT OSS 120B · 8 000 TPM,3,3,3
18,a,Rodrigo,9,Llama 3.3 70B · 12 000 TPM,3,1,1
19,juan,Paco,2,Llama 3.3 70B · 12 000 TPM,11,1,1
19,juan,Adriana,3,Llama 3.3 70B · 12 000 TPM,3,2,2
19,juan,Paloma,7,Llama 3.3 70B · 12 000 TPM,2,1,1
19,juan,Flor,8,Llama 3.3 70B · 12 000 TPM,1,1,1
20,dn,Javier,1,Llama 3.3 70B · 12 000 TPM,1,1,1
20,dn,Edna,5,Llama 3.3 70B · 12 000 TPM,6,1,1
20,dn,Alba,6,Llama 3.3 70B · 12 000 TPM,5,2,2
20,dn,Rodrigo,9,Llama 3.3 70B · 12 000 TPM,5,1,1
21,de este,Adriana,3,Llama 3.3 70B · 12 000 TPM,2,1,1
21,de este,Arturo,4,Llama 3.3 70B · 12 000 TPM,6,3,2
21,de este,Paloma,7,Llama 3.3 70B · 12 000 TPM,8,5,5
22,v. s.,Arturo,4,Llama 3.3 70B · 12 000 TPM,12,1,1
22,v. s.,Paloma,7,Llama 3.3 70B · 12 000 TPM,4,1,1
23,sor,Javier,1,GPT OSS 120B · 8 000 TPM,1,1,1
23,sor,Javier,1,Llama 3.3 70B · 12 000 TPM,1,1,1
23,sor,Paco,2,Llama 3.3 70B · 12 000 TPM,1,1,1
23,sor,Edna,5,Llama 3.3 70B · 12 000 TPM,1,1,1
23,sor,Alba,6,GPT OSS 120B · 8 000 TPM,6,1,1
23,sor,Paloma,7,GPT OSS 120B · 8 000 TPM,4,3,3
23,sor,Flor,8,Llama 3.3 70B · 12 000 TPM,1,1,1
24,la,Paco,2,GPT OSS 120B · 8 000 TPM,2,2,2
24,la,Edna,5,Llama 3.3 70B · 12 000 TPM,1,1,1
24,la,Alba,6,GPT OSS 120B · 8 000 TPM,1,1,1
24,la,Flor,8,Llama 3.3 70B · 12 000 TPM,1,1,1
24,la,Rodrigo,9,GPT OSS 120B · 8 000 TPM,7,3,3
24,la,Rodrigo,9,Llama 3.3 70B · 12 000 TPM,3,1,1
25,dos,Javier,1,GPT OSS 120B · 8 000 TPM,1,1,1
25,dos,Paco,2,GPT OSS 120B · 8 000 TPM,5,3,3
25,dos,Arturo,4,GPT OSS 120B · 8 000 TPM,1,1,1
25,dos,Edna,5,GPT OSS 120B · 8 000 TPM,3,1,1
25,dos,Alba,6,GPT OSS 120B · 8 000 TPM,1,1,1
25,dos,Rodrigo,9,GPT OSS 120B · 8 000 TPM,3,1,1
26,justa,Paco,2,GPT OSS 120B · 8 000 TPM,5,2,2
26,justa,Adriana,3,Llama 3.3 70B · 12 000 TPM,2,1,1
26,justa,Edna,5,GPT OSS 120B · 8 000 TPM,3,1,1
26,justa,Edna,5,Llama 3.3 70B · 12 000 TPM,2,1,1
26,justa,Paloma,7,Llama 3.3 70B · 12 000 TPM,1,1,1
26,justa,Flor,8,GPT OSS 120B · 8 000 TPM,1,1,1
27,esta,Paco,2,GPT OSS 120B · 8 000 TPM,4,2,2
27,esta,Paco,2,Llama 3.3 70B · 12 000 TPM,2,2,2
27,esta,Alba,6,Llama 3.3 70B · 12 000 TPM,1,1,1
27,esta,Paloma,7,Llama 3.3 70B · 12 000 TPM,1,1,1
27,esta,Flor,8,Llama 3.3 70B · 12 000 TPM,1,1,1
27,esta,Rodrigo,9,GPT OSS 120B · 8 000 TPM,3,2,2
28,para,Javier,1,GPT OSS 120B · 8 000 TPM,1,1,1
28,para,Paco,2,GPT OSS 120B · 8 000 TPM,1,1,1
28,para,Adriana,3,GPT OSS 120B · 8 000 TPM,1,1,1
28,para,Adriana,3,Llama 3.3 70B · 12 000 TPM,2,1,1
28,para,Flor,8,Llama 3.3 70B · 12 000 TPM,3,1,1
28,para,Rodrigo,9,GPT OSS 120B · 8 000 TPM,2,1,1
28,para,Rodrigo,9,Llama 3.3 70B · 12 000 TPM,2,2,2
29,así,Adriana,3,Llama 3.3 70B · 12 000 TPM,4,2,2
29,así,Arturo,4,Llama 3.3 70B · 12 000 TPM,2,2,2
29,así,Paloma,7,Llama 3.3 70B · 12 000 TPM,3,2,2
29,así,Flor,8,Llama 3.3 70B · 12 000 TPM,1,1,1
29,así,Rodrigo,9,Llama 3.3 70B · 12 000 TPM,1,1,1
30,da,Paco,2,GPT OSS 120B · 8 000 TPM,4,3,3
30,da,Edna,5,Llama 3.3 70B · 12 000 TPM,3,1,1
30,da,Alba,6,GPT OSS 120B · 8 000 TPM,1,1,1
30,da,Paloma,7,GPT OSS 120B · 8 000 TPM,1,1,1
30,da,Rodrigo,9,Llama 3.3 70B · 12 000 TPM,2,1,1
31,yndio,Adriana,3,Llama 3.3 70B · 12 000 TPM,1,1,1
31,yndio,Arturo,4,GPT OSS 120B · 8 000 TPM,1,1,1
31,yndio,Edna,5,GPT OSS 120B · 8 000 TPM,1,1,1
31,yndio,Alba,6,Llama 3.3 70B · 12 000 TPM,2,1,1
31,yndio,Paloma,7,GPT OSS 120B · 8 000 TPM,3,2,2
31,yndio,Flor,8,GPT OSS 120B · 8 000 TPM,2,1,1
32,principales,Paco,2,Llama 3.3 70B · 12 000 TPM,4,1,1
32,principales,Arturo,4,Llama 3.3 70B · 12 000 TPM,4,2,2
32,principales,Rodrigo,9,Llama 3.3 70B · 12 000 TPM,2,1,1
33,desta,Paco,2,GPT OSS 120B · 8 000 TPM,3,2,2
33,desta,Alba,6,GPT OSS 120B · 8 000 TPM,7,2,2
34,de la,Paco,2,Llama 3.3 70B · 12 000 TPM,1,1,1
34,de la,Alba,6,GPT OSS 120B · 8 000 TPM,3,1,1
34,de la,Paloma,7,GPT OSS 120B · 8 000 TPM,2,1,1
34,de la,Paloma,7,Llama 3.3 70B · 12 000 TPM,2,1,1
34,de la,Rodrigo,9,Llama 3.3 70B · 12 000 TPM,1,1,1
35,ay,Edna,5,GPT OSS 120B · 8 000 TPM,1,1,1
35,ay,Alba,6,GPT OSS 120B · 8 000 TPM,1,1,1
35,ay,Paloma,7,Llama 3.3 70B · 12 000 TPM,3,1,1
35,ay,Rodrigo,9,GPT OSS 120B · 8 000 TPM,4,1,1
36,esto,Paco,2,Llama 3.3 70B · 12 000 TPM,1,1,1
36,esto,Alba,6,Llama 3.3 70B · 12 000 TPM,7,1,1
36,esto,Rodrigo,9,GPT OSS 120B · 8 000 TPM,1,1,1
37,gos,Paco,2,GPT OSS 120B · 8 000 TPM,2,1,1
37,gos,Adriana,3,Llama 3.3 70B · 12 000 TPM,7,1,1
38,seiscientos,Paco,2,Llama 3.3 70B · 12 000 TPM,1,1,1
38,seiscientos,Adriana,3,Llama 3.3 70B · 12 000 TPM,1,1,1
38,seiscientos,Arturo,4,Llama 3.3 70B · 12 000 TPM,1,1,1
38,seiscientos,Edna,5,Llama 3.3 70B · 12 000 TPM,1,1,1
38,seiscientos,Alba,6,Llama 3.3 70B · 12 000 TPM,3,3,2
38,seiscientos,Rodrigo,9,Llama 3.3 70B · 12 000 TPM,1,1,1
39,quios,Javier,1,GPT OSS 120B · 8 000 TPM,1,1,1
39,quios,Paco,2,GPT OSS 120B · 8 000 TPM,2,2,2
39,quios,Edna,5,GPT OSS 120B · 8 000 TPM,3,3,3
39,quios,Alba,6,GPT OSS 120B · 8 000 TPM,2,2,2
40,dhas,Paco,2,GPT OSS 120B · 8 000 TPM,1,1,1
40,dhas,Arturo,4,GPT OSS 120B · 8 000 TPM,1,1,1
40,dhas,Edna,5,GPT OSS 120B · 8 000 TPM,1,1,1
40,dhas,Alba,6,GPT OSS 120B · 8 000 TPM,1,1,1
40,dhas,Paloma,7,GPT OSS 120B · 8 000 TPM,2,1,1
40,dhas,Rodrigo,9,GPT OSS 120B · 8 000 TPM,2,1,1
41,mag,Paco,2,GPT OSS 120B · 8 000 TPM,4,2,2
41,mag,Edna,5,GPT OSS 120B · 8 000 TPM,1,1,1
41,mag,Alba,6,GPT OSS 120B · 8 000 TPM,2,2,2
41,mag,Flor,8,GPT OSS 120B · 8 000 TPM,1,1,1
42,escrivano,Paco,2,GPT OSS 120B · 8 000 TPM,1,1,1
42,escrivano,Adriana,3,Llama 3.3 70B · 12 000 TPM,5,2,2
42,escrivano,Arturo,4,Llama 3.3 70B · 12 000 TPM,1,1,1
42,escrivano,Paloma,7,GPT OSS 120B · 8 000 TPM,1,1,1
43,dhos,Paco,2,GPT OSS 120B · 8 000 TPM,2,1,1
43,dhos,Alba,6,GPT OSS 120B · 8 000 TPM,2,2,2
43,dhos,Paloma,7,GPT OSS 120B · 8 000 TPM,2,1,1
43,dhos,Flor,8,GPT OSS 120B · 8 000 TPM,2,1,1
44,señor,Adriana,3,Llama 3.3 70B · 12 000 TPM,3,1,1
44,señor,Arturo,4,Llama 3.3 70B · 12 000 TPM,2,1,1
44,señor,Paloma,7,GPT OSS 120B · 8 000 TPM,1,1,1
44,señor,Rodrigo,9,GPT OSS 120B · 8 000 TPM,2,1,1
45,anos,Paco,2,GPT OSS 120B · 8 000 TPM,2,2,2
45,anos,Adriana,3,GPT OSS 120B · 8 000 TPM,4,1,1
45,anos,Paloma,7,GPT OSS 120B · 8 000 TPM,2,1,1
46,deste,Paco,2,GPT OSS 120B · 8 000 TPM,2,2,2
46,deste,Paco,2,Llama 3.3 70B · 12 000 TPM,1,1,1
46,deste,Alba,6,GPT OSS 120B · 8 000 TPM,5,1,1
47,poco,Edna,5,GPT OSS 120B · 8 000 TPM,4,1,1
47,poco,Alba,6,GPT OSS 120B · 8 000 TPM,3,1,1
47,poco,Rodrigo,9,GPT OSS 120B · 8 000 TPM,1,1,1
48,col.,Adriana,3,Llama 3.3 70B · 12 000 TPM,5,1,1
48,col.,Paloma,7,Llama 3.3 70B · 12 000 TPM,3,1,1
49,lib,Adriana,3,Llama 3.3 70B · 12 000 TPM,5,1,1
49,lib,Paloma,7,Llama 3.3 70B · 12 000 TPM,3,1,1
50,mexco,Edna,5,GPT OSS 120B · 8 000 TPM,1,1,1
50,mexco,Alba,6,GPT OSS 120B · 8 000 TPM,3,2,2
50,mexco,Paloma,7,GPT OSS 120B · 8 000 TPM,1,1,1
50,mexco,Rodrigo,9,GPT OSS 120B · 8 000 TPM,2,1,1
51,aver,Arturo,4,GPT OSS 120B · 8 000 TPM,1,1,1
51,aver,Edna,5,GPT OSS 120B · 8 000 TPM,2,1,1
51,aver,Paloma,7,Llama 3.3 70B · 12 000 TPM,1,1,1
51,aver,Flor,8,GPT OSS 120B · 8 000 TPM,1,1,1
51,aver,Flor,8,Llama 3.3 70B · 12 000 TPM,2,1,1
52,anto,Paco,2,GPT OSS 120B · 8 000 TPM,2,1,1
52,anto,Paco,2,Llama 3.3 70B · 12 000 TPM,1,1,1
52,anto,Flor,8,Llama 3.3 70B · 12 000 TPM,1,1,1
52,anto,Rodrigo,9,GPT OSS 120B · 8 000 TPM,1,1,1
52,anto,Rodrigo,9,Llama 3.3 70B · 12 000 TPM,2,1,1
53,dias,Alba,6,GPT OSS 120B · 8 000 TPM,3,3,3
53,dias,Paloma,7,GPT OSS 120B · 8 000 TPM,1,1,1
53,dias,Rodrigo,9,GPT OSS 120B · 8 000 TPM,3,1,1
54,rs,Javier,1,GPT OSS 120B · 8 000 TPM,3,2,2
54,rs,Alba,6,GPT OSS 120B · 8 000 TPM,3,2,2
54,rs,Paloma,7,GPT OSS 120B · 8 000 TPM,1,1,1
55,se,Alba,6,GPT OSS 120B · 8 000 TPM,1,1,1
55,se,Paloma,7,GPT OSS 120B · 8 000 TPM,2,1,1
55,se,Rodrigo,9,GPT OSS 120B · 8 000 TPM,2,2,2
55,se,Rodrigo,9,Llama 3.3 70B · 12 000 TPM,2,1,1
56,exa,Alba,6,GPT OSS 120B · 8 000 TPM,4,2,2
56,exa,Alba,6,Llama 3.3 70B · 12 000 TPM,1,1,1
56,exa,Rodrigo,9,GPT OSS 120B · 8 000 TPM,2,1,1
57,tlacotepec,Adriana,3,Llama 3.3 70B · 12 000 TPM,3,1,1
57,tlacotepec,Arturo,4,Llama 3.3 70B · 12 000 TPM,4,1,1
58,fue,Javier,1,Llama 3.3 70B · 12 000 TPM,2,1,1
58,fue,Edna,5,Llama 3.3 70B · 12 000 TPM,1,1,1
58,fue,Alba,6,Llama 3.3 70B · 12 000 TPM,1,1,1
58,fue,Paloma,7,Llama 3.3 70B · 12 000 TPM,1,1,1
58,fue,Flor,8,GPT OSS 120B · 8 000 TPM,1,1,1
59,por,Paco,2,GPT OSS 120B · 8 000 TPM,2,2,2
59,por,Arturo,4,GPT OSS 120B · 8 000 TPM,1,1,1
59,por,Edna,5,Llama 3.3 70B · 12 000 TPM,1,1,1
59,por,Rodrigo,9,GPT OSS 120B · 8 000 TPM,2,1,1
60,tpo,Paco,2,Llama 3.3 70B · 12 000 TPM,2,2,1
60,tpo,Adriana,3,Llama 3.3 70B · 12 000 TPM,1,1,1
60,tpo,Alba,6,GPT OSS 120B · 8 000 TPM,2,1,1
60,tpo,Paloma,7,GPT OSS 120B · 8 000 TPM,1,1,1
61,della,Javier,1,Llama 3.3 70B · 12 000 TPM,1,1,1
61,della,Paco,2,GPT OSS 120B · 8 000 TPM,1,1,1
61,della,Alba,6,GPT OSS 120B · 8 000 TPM,1,1,1
61,della,Alba,6,Llama 3.3 70B · 12 000 TPM,3,2,2
62,al,Paco,2,Llama 3.3 70B · 12 000 TPM,2,1,1
62,al,Alba,6,GPT OSS 120B · 8 000 TPM,1,1,1
62,al,Paloma,7,Llama 3.3 70B · 12 000 TPM,1,1,1
62,al,Rodrigo,9,GPT OSS 120B · 8 000 TPM,2,1,1
63,firme,Paco,2,GPT OSS 120B · 8 000 TPM,2,2,2
63,firme,Flor,8,Llama 3.3 70B · 12 000 TPM,2,1,1
63,firme,Rodrigo,9,Llama 3.3 70B · 12 000 TPM,2,1,1
64,pa,Paco,2,GPT OSS 120B · 8 000 TPM,2,1,1
64,pa,Edna,5,GPT OSS 120B · 8 000 TPM,1,1,1
64,pa,Alba,6,GPT OSS 120B · 8 000 TPM,3,2,2
65,las,Arturo,4,Llama 3.3 70B · 12 000 TPM,1,1,1
65,las,Paloma,7,Llama 3.3 70B · 12 000 TPM,3,2,2
65,las,Rodrigo,9,GPT OSS 120B · 8 000 TPM,2,1,1
66,dixo,Edna,5,GPT OSS 120B · 8 000 TPM,1,1,1
66,dixo,Paloma,7,GPT OSS 120B · 8 000 TPM,3,2,2
66,dixo,Flor,8,GPT OSS 120B · 8 000 TPM,2,1,1
67,que es,Adriana,3,Llama 3.3 70B · 12 000 TPM,1,1,1
67,que es,Arturo,4,Llama 3.3 70B · 12 000 TPM,1,1,1
67,que es,Rodrigo,9,GPT OSS 120B · 8 000 TPM,1,1,1
67,que es,Rodrigo,9,Llama 3.3 70B · 12 000 TPM,3,1,1
68,agora,Arturo,4,Llama 3.3 70B · 12 000 TPM,1,1,1
68,agora,Edna,5,GPT OSS 120B · 8 000 TPM,1,1,1
68,agora,Edna,5,Llama 3.3 70B · 12 000 TPM,4,2,2
69,escribo,Paco,2,GPT OSS 120B · 8 000 TPM,2,1,1
69,escribo,Alba,6,Llama 3.3 70B · 12 000 TPM,1,1,1
69,escribo,Paloma,7,Llama 3.3 70B · 12 000 TPM,3,1,1
70,ba,Javier,1,Llama 3.3 70B · 12 000 TPM,1,1,1
70,ba,Adriana,3,Llama 3.3 70B · 12 000 TPM,4,1,1
70,ba,Edna,5,GPT OSS 120B · 8 000 TPM,1,1,1
71,s.,Javier,1,GPT OSS 120B · 8 000 TPM,3,1,1
71,s.,Arturo,4,Llama 3.3 70B · 12 000 TPM,1,1,1
71,s.,Rodrigo,9,GPT OSS 120B · 8 000 TPM,2,1,1
72,ma,Paco,2,GPT OSS 120B · 8 000 TPM,1,1,1
72,ma,Alba,6,GPT OSS 120B · 8 000 TPM,5,2,2
73,p.,Adriana,3,Llama 3.3 70B · 12 000 TPM,1,1,1
73,p.,Edna,5,Llama 3.3 70B · 12 000 TPM,5,1,1
74,que están,Arturo,4,Llama 3.3 70B · 12 000 TPM,2,1,1
74,que están,Paloma,7,Llama 3.3 70B · 12 000 TPM,4,1,1
75,trato,Paco,2,GPT OSS 120B · 8 000 TPM,1,1,1
75,trato,Adriana,3,Llama 3.3 70B · 12 000 TPM,1,1,1
75,trato,Arturo,4,GPT OSS 120B · 8 000 TPM,1,1,1
75,trato,Alba,6,Llama 3.3 70B · 12 000 TPM,1,1,1
75,trato,Paloma,7,Llama 3.3 70B · 12 000 TPM,1,1,1
76,de ellos,Arturo,4,Llama 3.3 70B · 12 000 TPM,2,2,2
76,de ellos,Paloma,7,Llama 3.3 70B · 12 000 TPM,1,1,1
76,de ellos,Rodrigo,9,Llama 3.3 70B · 12 000 TPM,2,2,2
77,declaro,Paco,2,GPT OSS 120B · 8 000 TPM,1,1,1
77,declaro,Arturo,4,Llama 3.3 70B · 12 000 TPM,1,1,1
77,declaro,Flor,8,Llama 3.3 70B · 12 000 TPM,1,1,1
77,declaro,Rodrigo,9,Llama 3.3 70B · 12 000 TPM,2,1,1
78,yndios,Paco,2,GPT OSS 120B · 8 000 TPM,1,1,1
78,yndios,Alba,6,GPT OSS 120B · 8 000 TPM,1,1,1
78,yndios,Paloma,7,GPT OSS 120B · 8 000 TPM,2,1,1
78,yndios,Flor,8,GPT OSS 120B · 8 000 TPM,1,1,1
79,exmo,Javier,1,Llama 3.3 70B · 12 000 TPM,1,1,1
79,exmo,Edna,5,Llama 3.3 70B · 12 000 TPM,1,1,1
79,exmo,Alba,6,GPT OSS 120B · 8 000 TPM,2,1,1
79,exmo,Paloma,7,GPT OSS 120B · 8 000 TPM,1,1,1
80,lo,Paco,2,Llama 3.3 70B · 12 000 TPM,1,1,1
80,lo,Arturo,4,Llama 3.3 70B · 12 000 TPM,2,2,2
80,lo,Alba,6,Llama 3.3 70B · 12 000 TPM,2,1,1
81,mã¡s,Javier,1,GPT OSS 120B · 8 000 TPM,1,1,1
81,mã¡s,Adriana,3,Llama 3.3 70B · 12 000 TPM,3,1,1
81,mã¡s,Rodrigo,9,GPT OSS 120B · 8 000 TPM,1,1,1
82,rio,Paco,2,Llama 3.3 70B · 12 000 TPM,1,1,1
82,rio,Edna,5,GPT OSS 120B · 8 000 TPM,1,1,1
82,rio,Alba,6,GPT OSS 120B · 8 000 TPM,3,1,1
83,españa,Paco,2,GPT OSS 120B · 8 000 TPM,1,1,1
83,españa,Alba,6,GPT OSS 120B · 8 000 TPM,1,1,1
83,españa,Paloma,7,GPT OSS 120B · 8 000 TPM,3,1,1
84,más,Arturo,4,Llama 3.3 70B · 12 000 TPM,1,1,1
84,más,Alba,6,GPT OSS 120B · 8 000 TPM,4,2,2
85,ao,Paco,2,GPT OSS 120B · 8 000 TPM,2,1,1
85,ao,Adriana,3,GPT OSS 120B · 8 000 TPM,3,1,1
86,quiso,Edna,5,GPT OSS 120B · 8 000 TPM,3,1,1
86,quiso,Flor,8,GPT OSS 120B · 8 000 TPM,2,1,1
87,rl,Adriana,3,GPT OSS 120B · 8 000 TPM,1,1,1
87,rl,Alba,6,GPT OSS 120B · 8 000 TPM,4,1,1
88,anata,Alba,6,GPT OSS 120B · 8 000 TPM,4,1,1
88,anata,Paloma,7,Llama 3.3 70B · 12 000 TPM,1,1,1
89,despuã©s,Javier,1,GPT OSS 120B · 8 000 TPM,1,1,1
89,despuã©s,Adriana,3,Llama 3.3 70B · 12 000 TPM,4,1,1
90,dro,Javier,1,Llama 3.3 70B · 12 000 TPM,1,1,1
90,dro,Alba,6,GPT OSS 120B · 8 000 TPM,4,1,1
91,e,Javier,1,Llama 3.3 70B · 12 000 TPM,1,1,1
91,e,Edna,5,GPT OSS 120B · 8 000 TPM,4,1,1
92,albaneses,Paco,2,Llama 3.3 70B · 12 000 TPM,3,1,1
92,albaneses,Edna,5,GPT OSS 120B · 8 000 TPM,2,1,1
93,camellon,Arturo,4,GPT OSS 120B · 8 000 TPM,2,1,1
93,camellon,Edna,5,GPT OSS 120B · 8 000 TPM,3,1,1
94,cortes,Paco,2,Llama 3.3 70B · 12 000 TPM,2,1,1
94,cortes,Flor,8,Llama 3.3 70B · 12 000 TPM,3,1,1
95,reyno,Paco,2,GPT OSS 120B · 8 000 TPM,2,1,1
95,reyno,Alba,6,GPT OSS 120B · 8 000 TPM,3,1,1
96,hecho,Paco,2,GPT OSS 120B · 8 000 TPM,1,1,1
96,hecho,Arturo,4,Llama 3.3 70B · 12 000 TPM,1,1,1
96,hecho,Paloma,7,Llama 3.3 70B · 12 000 TPM,1,1,1
96,hecho,Flor,8,Llama 3.3 70B · 12 000 TPM,1,1,1
97,es,Javier,1,Llama 3.3 70B · 12 000 TPM,1,1,1
97,es,Paco,2,GPT OSS 120B · 8 000 TPM,1,1,1
97,es,Edna,5,GPT OSS 120B · 8 000 TPM,1,1,1
97,es,Rodrigo,9,Llama 3.3 70B · 12 000 TPM,1,1,1
98,su,Paco,2,GPT OSS 120B · 8 000 TPM,1,1,1
98,su,Alba,6,Llama 3.3 70B · 12 000 TPM,1,1,1
98,su,Paloma,7,GPT OSS 120B · 8 000 TPM,1,1,1
98,su,Rodrigo,9,GPT OSS 120B · 8 000 TPM,1,1,1
99,aos,Javier,1,GPT OSS 120B · 8 000 TPM,1,1,1
99,aos,Adriana,3,GPT OSS 120B · 8 000 TPM,1,1,1
99,aos,Alba,6,GPT OSS 120B · 8 000 TPM,1,1,1
99,aos,Rodrigo,9,GPT OSS 120B · 8 000 TPM,1,1,1
100,mo,Javier,1,GPT OSS 120B · 8 000 TPM,2,2,2
100,mo,Paloma,7,Llama 3.3 70B · 12 000 TPM,1,1,1
100,mo,Rodrigo,9,GPT OSS 120B · 8 000 TPM,1,1,1
101,los,Arturo,4,Llama 3.3 70B · 12 000 TPM,2,2,2
101,los,Alba,6,Llama 3.3 70B · 12 000 TPM,1,1,1
101,los,Flor,8,Llama 3.3 70B · 12 000 TPM,1,1,1
102,con,Paco,2,GPT OSS 120B · 8 000 TPM,2,2,2
102,con,Adriana,3,GPT OSS 120B · 8 000 TPM,1,1,1
102,con,Rodrigo,9,Llama 3.3 70B · 12 000 TPM,1,1,1
103,como,Arturo,4,GPT OSS 120B · 8 000 TPM,1,1,1
103,como,Arturo,4,Llama 3.3 70B · 12 000 TPM,2,2,2
103,como,Alba,6,Llama 3.3 70B · 12 000 TPM,1,1,1
104,vio,Alba,6,GPT OSS 120B · 8 000 TPM,1,1,1
104,vio,Alba,6,Llama 3.3 70B · 12 000 TPM,1,1,1
104,vio,Rodrigo,9,GPT OSS 120B · 8 000 TPM,1,1,1
104,vio,Rodrigo,9,Llama 3.3 70B · 12 000 TPM,1,1,1
105,tos,Paco,2,GPT OSS 120B · 8 000 TPM,3,3,3
105,tos,Paloma,7,GPT OSS 120B · 8 000 TPM,1,1,1
106,mando,Paco,2,GPT OSS 120B · 8 000 TPM,2,1,1
106,mando,Arturo,4,GPT OSS 120B · 8 000 TPM,1,1,1
106,mando,Rodrigo,9,Llama 3.3 70B · 12 000 TPM,1,1,1
107,relacion,Edna,5,GPT OSS 120B · 8 000 TPM,2,1,1
107,relacion,Alba,6,GPT OSS 120B · 8 000 TPM,1,1,1
107,relacion,Rodrigo,9,GPT OSS 120B · 8 000 TPM,1,1,1
108,dio,Paco,2,GPT OSS 120B · 8 000 TPM,1,1,1
108,dio,Arturo,4,GPT OSS 120B · 8 000 TPM,2,1,1
108,dio,Alba,6,GPT OSS 120B · 8 000 TPM,1,1,1
109,das,Paco,2,GPT OSS 120B · 8 000 TPM,1,1,1
109,das,Arturo,4,GPT OSS 120B · 8 000 TPM,1,1,1
109,das,Edna,5,GPT OSS 120B · 8 000 TPM,2,1,1
110,firmó,Paloma,7,Llama 3.3 70B · 12 000 TPM,2,1,1
110,firmó,Flor,8,Llama 3.3 70B · 12 000 TPM,1,1,1
110,firmó,Rodrigo,9,GPT OSS 120B · 8 000 TPM,1,1,1
111,min,Paco,2,GPT OSS 120B · 8 000 TPM,2,1,1
111,min,Adriana,3,Llama 3.3 70B · 12 000 TPM,1,1,1
111,min,Rodrigo,9,Llama 3.3 70B · 12 000 TPM,1,1,1
112,de ellas,Arturo,4,Llama 3.3 70B · 12 000 TPM,2,2,2
112,de ellas,Paloma,7,Llama 3.3 70B · 12 000 TPM,2,1,1
113,mucha,Adriana,3,Llama 3.3 70B · 12 000 TPM,3,2,2
113,mucha,Rodrigo,9,Llama 3.3 70B · 12 000 TPM,1,1,1
114,virrey,Arturo,4,Llama 3.3 70B · 12 000 TPM,3,2,2
114,virrey,Flor,8,Llama 3.3 70B · 12 000 TPM,1,1,1
115,myguel,Paloma,7,GPT OSS 120B · 8 000 TPM,3,1,1
115,myguel,Flor,8,GPT OSS 120B · 8 000 TPM,1,1,1
116,p,Javier,1,Llama 3.3 70B · 12 000 TPM,1,1,1
116,p,Adriana,3,GPT OSS 120B · 8 000 TPM,3,1,1
117,ha,Paco,2,Llama 3.3 70B · 12 000 TPM,1,1,1
117,ha,Paloma,7,Llama 3.3 70B · 12 000 TPM,3,1,1
118,miguel,Paco,2,GPT OSS 120B · 8 000 TPM,1,1,1
118,miguel,Rodrigo,9,GPT OSS 120B · 8 000 TPM,3,1,1
119,todos,Paco,2,GPT OSS 120B · 8 000 TPM,3,1,1
119,todos,Paloma,7,Llama 3.3 70B · 12 000 TPM,1,1,1
120,tras,Edna,5,GPT OSS 120B · 8 000 TPM,1,1,1
120,tras,Rodrigo,9,Llama 3.3 70B · 12 000 TPM,3,1,1
121,bara,Paco,2,Llama 3.3 70B · 12 000 TPM,1,1,1
121,bara,Flor,8,GPT OSS 120B · 8 000 TPM,3,1,1
122,están,Edna,5,GPT OSS 120B · 8 000 TPM,1,1,1
122,están,Rodrigo,9,GPT OSS 120B · 8 000 TPM,3,1,1
123,my,Paco,2,GPT OSS 120B · 8 000 TPM,2,1,1
123,my,Edna,5,GPT OSS 120B · 8 000 TPM,2,1,1
124,mexico,Paco,2,Llama 3.3 70B · 12 000 TPM,1,1,1
124,mexico,Edna,5,GPT OSS 120B · 8 000 TPM,1,1,1
124,mexico,Alba,6,GPT OSS 120B · 8 000 TPM,1,1,1
125,nra,Adriana,3,GPT OSS 120B · 8 000 TPM,1,1,1
125,nra,Alba,6,GPT OSS 120B · 8 000 TPM,1,1,1
125,nra,Rodrigo,9,GPT OSS 120B · 8 000 TPM,1,1,1
126,él,Paco,2,GPT OSS 120B · 8 000 TPM,1,1,1
126,él,Paloma,7,GPT OSS 120B · 8 000 TPM,1,1,1
126,él,Rodrigo,9,GPT OSS 120B · 8 000 TPM,1,1,1
127,josé,Adriana,3,Llama 3.3 70B · 12 000 TPM,1,1,1
127,josé,Arturo,4,Llama 3.3 70B · 12 000 TPM,1,1,1
127,josé,Flor,8,Llama 3.3 70B · 12 000 TPM,1,1,1
128,myll,Paco,2,GPT OSS 120B · 8 000 TPM,1,1,1
128,myll,Edna,5,GPT OSS 120B · 8 000 TPM,1,1,1
128,myll,Alba,6,GPT OSS 120B · 8 000 TPM,1,1,1
129,quinta,Javier,1,GPT OSS 120B · 8 000 TPM,1,1,1
129,quinta,Alba,6,GPT OSS 120B · 8 000 TPM,1,1,1
129,quinta,Rodrigo,9,Llama 3.3 70B · 12 000 TPM,1,1,1
130,renuncia,Paco,2,Llama 3.3 70B · 12 000 TPM,1,1,1
130,renuncia,Paloma,7,Llama 3.3 70B · 12 000 TPM,1,1,1
130,renuncia,Rodrigo,9,Llama 3.3 70B · 12 000 TPM,1,1,1
131,veintisiete,Paco,2,Llama 3.3 70B · 12 000 TPM,1,1,1
131,veintisiete,Arturo,4,Llama 3.3 70B · 12 000 TPM,1,1,1
131,veintisiete,Rodrigo,9,Llama 3.3 70B · 12 000 TPM,1,1,1
132,don,Javier,1,GPT OSS 120B · 8 000 TPM,1,1,1
132,don,Adriana,3,Llama 3.3 70B · 12 000 TPM,1,1,1
132,don,Arturo,4,Llama 3.3 70B · 12 000 TPM,1,1,1
133,ahora,Arturo,4,GPT OSS 120B · 8 000 TPM,1,1,1
133,ahora,Arturo,4,Llama 3.3 70B · 12 000 TPM,1,1,1
133,ahora,Rodrigo,9,Llama 3.3 70B · 12 000 TPM,1,1,1
134,nro,Paco,2,GPT OSS 120B · 8 000 TPM,2,2,2
134,nro,Paloma,7,GPT OSS 120B · 8 000 TPM,1,1,1
135,paso,Paco,2,GPT OSS 120B · 8 000 TPM,2,2,2
135,paso,Paloma,7,Llama 3.3 70B · 12 000 TPM,1,1,1
136,d.,Arturo,4,Llama 3.3 70B · 12 000 TPM,2,2,2
136,d.,Alba,6,Llama 3.3 70B · 12 000 TPM,1,1,1
137,en,Arturo,4,GPT OSS 120B · 8 000 TPM,1,1,1
137,en,Arturo,4,Llama 3.3 70B · 12 000 TPM,1,1,1
137,en,Rodrigo,9,GPT OSS 120B · 8 000 TPM,1,1,1
138,allá,Edna,5,GPT OSS 120B · 8 000 TPM,1,1,1
138,allá,Rodrigo,9,GPT OSS 120B · 8 000 TPM,2,1,1
139,audía,Paco,2,GPT OSS 120B · 8 000 TPM,2,1,1
139,audía,Adriana,3,GPT OSS 120B · 8 000 TPM,1,1,1
140,ciud,Javier,1,GPT OSS 120B · 8 000 TPM,1,1,1
140,ciud,Paloma,7,GPT OSS 120B · 8 000 TPM,2,1,1
141,ciudad,Paloma,7,Llama 3.3 70B · 12 000 TPM,1,1,1
141,ciudad,Rodrigo,9,Llama 3.3 70B · 12 000 TPM,2,1,1
142,de ello,Arturo,4,Llama 3.3 70B · 12 000 TPM,2,1,1
142,de ello,Rodrigo,9,Llama 3.3 70B · 12 000 TPM,1,1,1
143,de estos,Adriana,3,Llama 3.3 70B · 12 000 TPM,2,1,1
143,de estos,Rodrigo,9,Llama 3.3 70B · 12 000 TPM,1,1,1
144,del pueblo,Paco,2,GPT OSS 120B · 8 000 TPM,1,1,1
144,del pueblo,Arturo,4,GPT OSS 120B · 8 000 TPM,2,1,1
145,doze,Adriana,3,GPT OSS 120B · 8 000 TPM,1,1,1
145,doze,Alba,6,GPT OSS 120B · 8 000 TPM,2,1,1
146,herdo,Javier,1,GPT OSS 120B · 8 000 TPM,2,1,1
146,herdo,Adriana,3,Llama 3.3 70B · 12 000 TPM,1,1,1
147,nueba,Paco,2,GPT OSS 120B · 8 000 TPM,1,1,1
147,nueba,Alba,6,GPT OSS 120B · 8 000 TPM,2,1,1
148,perez,Paco,2,Llama 3.3 70B · 12 000 TPM,2,1,1
148,perez,Alba,6,GPT OSS 120B · 8 000 TPM,1,1,1
149,posesion,Arturo,4,GPT OSS 120B · 8 000 TPM,2,1,1
149,posesion,Alba,6,GPT OSS 120B · 8 000 TPM,1,1,1
150,r.,Adriana,3,Llama 3.3 70B · 12 000 TPM,1,1,1
150,r.,Alba,6,GPT OSS 120B · 8 000 TPM,2,1,1
151,rego,Paco,2,Llama 3.3 70B · 12 000 TPM,2,1,1
151,rego,Rodrigo,9,GPT OSS 120B · 8 000 TPM,1,1,1
152,ro,Javier,1,Llama 3.3 70B · 12 000 TPM,1,1,1
152,ro,Paco,2,GPT OSS 120B · 8 000 TPM,2,1,1
153,seã±or,Adriana,3,Llama 3.3 70B · 12 000 TPM,2,1,1
153,seã±or,Rodrigo,9,GPT OSS 120B · 8 000 TPM,1,1,1
154,terminos,Alba,6,GPT OSS 120B · 8 000 TPM,1,1,1
154,terminos,Rodrigo,9,GPT OSS 120B · 8 000 TPM,2,1,1
155,vo,Paco,2,Llama 3.3 70B · 12 000 TPM,2,1,1
155,vo,Alba,6,Llama 3.3 70B · 12 000 TPM,1,1,1
156,xptoval,Paco,2,GPT OSS 120B · 8 000 TPM,1,1,1
156,xptoval,Alba,6,GPT OSS 120B · 8 000 TPM,2,1,1
157,algunos,Javier,1,GPT OSS 120B · 8 000 TPM,1,1,1
157,algunos,Adriana,3,Llama 3.3 70B · 12 000 TPM,2,1,1
158,alta,Edna,5,GPT OSS 120B · 8 000 TPM,2,1,1
158,alta,Rodrigo,9,GPT OSS 120B · 8 000 TPM,1,1,1
159,baras,Paco,2,Llama 3.3 70B · 12 000 TPM,1,1,1
159,baras,Flor,8,Llama 3.3 70B · 12 000 TPM,2,1,1
160,dies,Paloma,7,GPT OSS 120B · 8 000 TPM,2,1,1
160,dies,Rodrigo,9,GPT OSS 120B · 8 000 TPM,1,1,1
161,dijo,Arturo,4,Llama 3.3 70B · 12 000 TPM,1,1,1
161,dijo,Flor,8,Llama 3.3 70B · 12 000 TPM,2,1,1
162,les,Arturo,4,Llama 3.3 70B · 12 000 TPM,1,1,1
162,les,Flor,8,Llama 3.3 70B · 12 000 TPM,2,1,1
163,natural,Edna,5,GPT OSS 120B · 8 000 TPM,1,1,1
163,natural,Flor,8,Llama 3.3 70B · 12 000 TPM,2,1,1
164,preste,Javier,1,GPT OSS 120B · 8 000 TPM,1,1,1
164,preste,Edna,5,GPT OSS 120B · 8 000 TPM,2,1,1
165,tomas,Paloma,7,GPT OSS 120B · 8 000 TPM,1,1,1
165,tomas,Rodrigo,9,GPT OSS 120B · 8 000 TPM,2,1,1
166,y la,Arturo,4,Llama 3.3 70B · 12 000 TPM,1,1,1
166,y la,Paloma,7,GPT OSS 120B · 8 000 TPM,2,1,1
167,ynformacion,Paco,2,GPT OSS 120B · 8 000 TPM,1,1,1
167,ynformacion,Arturo,4,GPT OSS 120B · 8 000 TPM,2,1,1
168,alguaziles,Paco,2,GPT OSS 120B · 8 000 TPM,1,1,1
168,alguaziles,Flor,8,GPT OSS 120B · 8 000 TPM,2,1,1
169,caxa,Javier,1,GPT OSS 120B · 8 000 TPM,2,1,1
169,caxa,Adriana,3,GPT OSS 120B · 8 000 TPM,1,1,1
170,esno,Paco,2,GPT OSS 120B · 8 000 TPM,2,1,1
170,esno,Arturo,4,Llama 3.3 70B · 12 000 TPM,1,1,1
171,franca,Adriana,3,Llama 3.3 70B · 12 000 TPM,2,1,1
171,franca,Rodrigo,9,Llama 3.3 70B · 12 000 TPM,1,1,1
172,llamava,Arturo,4,GPT OSS 120B · 8 000 TPM,1,1,1
172,llamava,Edna,5,GPT OSS 120B · 8 000 TPM,2,1,1
173,coyuacán,Paco,2,Llama 3.3 70B · 12 000 TPM,2,1,1
173,coyuacán,Arturo,4,Llama 3.3 70B · 12 000 TPM,1,1,1
174,de las,Alba,6,Llama 3.3 70B · 12 000 TPM,1,1,1
174,de las,Rodrigo,9,GPT OSS 120B · 8 000 TPM,2,1,1
175,tlaxcala,Paco,2,Llama 3.3 70B · 12 000 TPM,2,1,1
175,tlaxcala,Arturo,4,Llama 3.3 70B · 12 000 TPM,1,1,1
176,adjudico,Paco,2,GPT OSS 120B · 8 000 TPM,1,1,1
176,adjudico,Arturo,4,GPT OSS 120B · 8 000 TPM,1,1,1
177,asi,Edna,5,Llama 3.3 70B · 12 000 TPM,1,1,1
177,asi,Alba,6,GPT OSS 120B · 8 000 TPM,1,1,1
178,aya,Alba,6,GPT OSS 120B · 8 000 TPM,1,1,1
178,aya,Flor,8,Llama 3.3 70B · 12 000 TPM,1,1,1
179,boluntad,Edna,5,GPT OSS 120B · 8 000 TPM,1,1,1
179,boluntad,Alba,6,GPT OSS 120B · 8 000 TPM,1,1,1
180,braza,Javier,1,Llama 3.3 70B · 12 000 TPM,1,1,1
180,braza,Arturo,4,Llama 3.3 70B · 12 000 TPM,1,1,1
181,capitan,Arturo,4,Llama 3.3 70B · 12 000 TPM,1,1,1
181,capitan,Alba,6,GPT OSS 120B · 8 000 TPM,1,1,1
182,catorze,Adriana,3,GPT OSS 120B · 8 000 TPM,1,1,1
182,catorze,Flor,8,GPT OSS 120B · 8 000 TPM,1,1,1
183,cien,Adriana,3,Llama 3.3 70B · 12 000 TPM,1,1,1
183,cien,Edna,5,Llama 3.3 70B · 12 000 TPM,1,1,1
184,dello,Edna,5,GPT OSS 120B · 8 000 TPM,1,1,1
184,dello,Alba,6,Llama 3.3 70B · 12 000 TPM,1,1,1
185,despues,Alba,6,GPT OSS 120B · 8 000 TPM,1,1,1
185,despues,Paloma,7,GPT OSS 120B · 8 000 TPM,1,1,1
186,dije,Arturo,4,Llama 3.3 70B · 12 000 TPM,1,1,1
186,dije,Paloma,7,Llama 3.3 70B · 12 000 TPM,1,1,1
187,dizen,Arturo,4,GPT OSS 120B · 8 000 TPM,1,1,1
187,dizen,Paloma,7,GPT OSS 120B · 8 000 TPM,1,1,1
188,dn.,Adriana,3,Llama 3.3 70B · 12 000 TPM,1,1,1
188,dn.,Arturo,4,Llama 3.3 70B · 12 000 TPM,1,1,1
189,envió,Adriana,3,Llama 3.3 70B · 12 000 TPM,1,1,1
189,envió,Rodrigo,9,Llama 3.3 70B · 12 000 TPM,1,1,1
190,etc.,Arturo,4,Llama 3.3 70B · 12 000 TPM,1,1,1
190,etc.,Paloma,7,GPT OSS 120B · 8 000 TPM,1,1,1
191,governador,Arturo,4,GPT OSS 120B · 8 000 TPM,1,1,1
191,governador,Flor,8,GPT OSS 120B · 8 000 TPM,1,1,1
192,haya,Paloma,7,GPT OSS 120B · 8 000 TPM,1,1,1
192,haya,Rodrigo,9,GPT OSS 120B · 8 000 TPM,1,1,1
193,haze,Javier,1,GPT OSS 120B · 8 000 TPM,1,1,1
193,haze,Arturo,4,GPT OSS 120B · 8 000 TPM,1,1,1
194,hemos,Adriana,3,Llama 3.3 70B · 12 000 TPM,1,1,1
194,hemos,Alba,6,Llama 3.3 70B · 12 000 TPM,1,1,1
195,hera,Adriana,3,Llama 3.3 70B · 12 000 TPM,1,1,1
195,hera,Arturo,4,GPT OSS 120B · 8 000 TPM,1,1,1
196,hubieren,Arturo,4,Llama 3.3 70B · 12 000 TPM,1,1,1
196,hubieren,Paloma,7,Llama 3.3 70B · 12 000 TPM,1,1,1
197,magno,Paco,2,GPT OSS 120B · 8 000 TPM,1,1,1
197,magno,Rodrigo,9,GPT OSS 120B · 8 000 TPM,1,1,1
198,mdo,Alba,6,GPT OSS 120B · 8 000 TPM,1,1,1
198,mdo,Rodrigo,9,GPT OSS 120B · 8 000 TPM,1,1,1
199,mil quinientos sesenta,Paloma,7,Llama 3.3 70B · 12 000 TPM,1,1,1
199,mil quinientos sesenta,Rodrigo,9,Llama 3.3 70B · 12 000 TPM,1,1,1
200,modo,Adriana,3,GPT OSS 120B · 8 000 TPM,1,1,1
200,modo,Edna,5,GPT OSS 120B · 8 000 TPM,1,1,1
201,muchas,Adriana,3,Llama 3.3 70B · 12 000 TPM,1,1,1
201,muchas,Rodrigo,9,GPT OSS 120B · 8 000 TPM,1,1,1
202,ne,Javier,1,GPT OSS 120B · 8 000 TPM,1,1,1
202,ne,Arturo,4,GPT OSS 120B · 8 000 TPM,1,1,1
203,obligo,Paco,2,Llama 3.3 70B · 12 000 TPM,1,1,1
203,obligo,Arturo,4,Llama 3.3 70B · 12 000 TPM,1,1,1
204,partdo,Javier,1,GPT OSS 120B · 8 000 TPM,1,1,1
204,partdo,Paloma,7,GPT OSS 120B · 8 000 TPM,1,1,1
205,pidio,Arturo,4,GPT OSS 120B · 8 000 TPM,1,1,1
205,pidio,Rodrigo,9,GPT OSS 120B · 8 000 TPM,1,1,1
206,prueba,Arturo,4,Llama 3.3 70B · 12 000 TPM,1,1,1
206,prueba,Paloma,7,Llama 3.3 70B · 12 000 TPM,1,1,1
207,pueblo,Paco,2,GPT OSS 120B · 8 000 TPM,1,1,1
207,pueblo,Alba,6,GPT OSS 120B · 8 000 TPM,1,1,1
208,qto,Adriana,3,GPT OSS 120B · 8 000 TPM,1,1,1
208,qto,Alba,6,GPT OSS 120B · 8 000 TPM,1,1,1
209,que está,Adriana,3,Llama 3.3 70B · 12 000 TPM,1,1,1
209,que está,Arturo,4,Llama 3.3 70B · 12 000 TPM,1,1,1
210,seiso,Alba,6,GPT OSS 120B · 8 000 TPM,1,1,1
210,seiso,Paloma,7,GPT OSS 120B · 8 000 TPM,1,1,1
211,servo,Arturo,4,GPT OSS 120B · 8 000 TPM,1,1,1
211,servo,Rodrigo,9,GPT OSS 120B · 8 000 TPM,1,1,1
212,ses,Arturo,4,Llama 3.3 70B · 12 000 TPM,1,1,1
212,ses,Alba,6,Llama 3.3 70B · 12 000 TPM,1,1,1
213,siembra,Paco,2,Llama 3.3 70B · 12 000 TPM,1,1,1
213,siembra,Adriana,3,Llama 3.3 70B · 12 000 TPM,1,1,1
214,teniendo,Adriana,3,GPT OSS 120B · 8 000 TPM,1,1,1
214,teniendo,Rodrigo,9,Llama 3.3 70B · 12 000 TPM,1,1,1
215,vendio,Arturo,4,GPT OSS 120B · 8 000 TPM,1,1,1
215,vendio,Rodrigo,9,GPT OSS 120B · 8 000 TPM,1,1,1
216,vino,Paco,2,Llama 3.3 70B · 12 000 TPM,1,1,1
216,vino,Rodrigo,9,Llama 3.3 70B · 12 000 TPM,1,1,1
217,yglesia,Paloma,7,GPT OSS 120B · 8 000 TPM,1,1,1
217,yglesia,Flor,8,GPT OSS 120B · 8 000 TPM,1,1,1
218,a la,Paco,2,GPT OSS 120B · 8 000 TPM,1,1,1
218,a la,Flor,8,Llama 3.3 70B · 12 000 TPM,1,1,1
219,abriendo,Paco,2,GPT OSS 120B · 8 000 TPM,1,1,1
219,abriendo,Alba,6,GPT OSS 120B · 8 000 TPM,1,1,1
220,contra,Paloma,7,GPT OSS 120B · 8 000 TPM,1,1,1
220,contra,Rodrigo,9,GPT OSS 120B · 8 000 TPM,1,1,1
221,cosa,Javier,1,Llama 3.3 70B · 12 000 TPM,1,1,1
221,cosa,Rodrigo,9,Llama 3.3 70B · 12 000 TPM,1,1,1
222,cuando,Paco,2,Llama 3.3 70B · 12 000 TPM,1,1,1
222,cuando,Alba,6,Llama 3.3 70B · 12 000 TPM,1,1,1
223,cuio,Arturo,4,Llama 3.3 70B · 12 000 TPM,1,1,1
223,cuio,Flor,8,Llama 3.3 70B · 12 000 TPM,1,1,1
224,de.,Flor,8,GPT OSS 120B · 8 000 TPM,1,1,1
224,de.,Rodrigo,9,GPT OSS 120B · 8 000 TPM,1,1,1
225,demã¡s,Adriana,3,Llama 3.3 70B · 12 000 TPM,1,1,1
225,demã¡s,Alba,6,GPT OSS 120B · 8 000 TPM,1,1,1
226,digo,Arturo,4,Llama 3.3 70B · 12 000 TPM,1,1,1
226,digo,Paloma,7,Llama 3.3 70B · 12 000 TPM,1,1,1
227,escribano,Arturo,4,Llama 3.3 70B · 12 000 TPM,1,1,1
227,escribano,Rodrigo,9,GPT OSS 120B · 8 000 TPM,1,1,1
228,espana,Paco,2,GPT OSS 120B · 8 000 TPM,1,1,1
228,espana,Paloma,7,GPT OSS 120B · 8 000 TPM,1,1,1
229,"esto,",Arturo,4,Llama 3.3 70B · 12 000 TPM,1,1,1
229,"esto,",Flor,8,Llama 3.3 70B · 12 000 TPM,1,1,1
230,ilmo.,Paco,2,GPT OSS 120B · 8 000 TPM,1,1,1
230,ilmo.,Flor,8,Llama 3.3 70B · 12 000 TPM,1,1,1
231,intérprete,Arturo,4,Llama 3.3 70B · 12 000 TPM,1,1,1
231,intérprete,Flor,8,Llama 3.3 70B · 12 000 TPM,1,1,1
232,juez,Arturo,4,GPT OSS 120B · 8 000 TPM,1,1,1
232,juez,Alba,6,Llama 3.3 70B · 12 000 TPM,1,1,1
233,juridicion,Edna,5,GPT OSS 120B · 8 000 TPM,1,1,1
233,juridicion,Paloma,7,GPT OSS 120B · 8 000 TPM,1,1,1
234,mandó,Paloma,7,GPT OSS 120B · 8 000 TPM,1,1,1
234,mandó,Rodrigo,9,Llama 3.3 70B · 12 000 TPM,1,1,1
235,me,Paco,2,Llama 3.3 70B · 12 000 TPM,1,1,1
235,me,Adriana,3,GPT OSS 120B · 8 000 TPM,1,1,1
236,méxico,Arturo,4,GPT OSS 120B · 8 000 TPM,1,1,1
236,méxico,Rodrigo,9,Llama 3.3 70B · 12 000 TPM,1,1,1
237,per,Alba,6,GPT OSS 120B · 8 000 TPM,1,1,1
237,per,Paloma,7,GPT OSS 120B · 8 000 TPM,1,1,1
238,porq,Paloma,7,GPT OSS 120B · 8 000 TPM,1,1,1
238,porq,Flor,8,GPT OSS 120B · 8 000 TPM,1,1,1
239,ql,Paco,2,GPT OSS 120B · 8 000 TPM,1,1,1
239,ql,Paloma,7,GPT OSS 120B · 8 000 TPM,1,1,1
240,que se,Arturo,4,Llama 3.3 70B · 12 000 TPM,1,1,1
240,que se,Flor,8,Llama 3.3 70B · 12 000 TPM,1,1,1
241,ron,Alba,6,GPT OSS 120B · 8 000 TPM,1,1,1
241,ron,Paloma,7,GPT OSS 120B · 8 000 TPM,1,1,1
242,señaló,Paco,2,Llama 3.3 70B · 12 000 TPM,1,1,1
242,señaló,Alba,6,Llama 3.3 70B · 12 000 TPM,1,1,1
243,sienta,Paloma,7,GPT OSS 120B · 8 000 TPM,1,1,1
243,sienta,Rodrigo,9,GPT OSS 120B · 8 000 TPM,1,1,1
244,son,Paloma,7,GPT OSS 120B · 8 000 TPM,1,1,1
244,son,Rodrigo,9,Llama 3.3 70B · 12 000 TPM,1,1,1
245,sucedido,Arturo,4,Llama 3.3 70B · 12 000 TPM,1,1,1
245,sucedido,Edna,5,GPT OSS 120B · 8 000 TPM,1,1,1
246,sus,Paco,2,GPT OSS 120B · 8 000 TPM,1,1,1
246,sus,Rodrigo,9,Llama 3.3 70B · 12 000 TPM,1,1,1
247,tiene,Adriana,3,Llama 3.3 70B · 12 000 TPM,1,1,1
247,tiene,Rodrigo,9,GPT OSS 120B · 8 000 TPM,1,1,1
248,todo,Arturo,4,GPT OSS 120B · 8 000 TPM,1,1,1
248,todo,Rodrigo,9,GPT OSS 120B · 8 000 TPM,1,1,1
249,tomó,Paco,2,GPT OSS 120B · 8 000 TPM,1,1,1
249,tomó,Adriana,3,Llama 3.3 70B · 12 000 TPM,1,1,1
250,tributarios,Paco,2,Llama 3.3 70B · 12 000 TPM,1,1,1
250,tributarios,Adriana,3,Llama 3.3 70B · 12 000 TPM,1,1,1
251,trras,Paco,2,GPT OSS 120B · 8 000 TPM,1,1,1
251,trras,Alba,6,GPT OSS 120B · 8 000 TPM,1,1,1
252,tuvo,Adriana,3,Llama 3.3 70B · 12 000 TPM,1,1,1
252,tuvo,Alba,6,Llama 3.3 70B · 12 000 TPM,1,1,1
253,vendido,Arturo,4,GPT OSS 120B · 8 000 TPM,1,1,1
253,vendido,Alba,6,Llama 3.3 70B · 12 000 TPM,1,1,1
254,yo,Adriana,3,Llama 3.3 70B · 12 000 TPM,1,1,1
254,yo,Arturo,4,Llama 3.3 70B · 12 000 TPM,1,1,1
255,carvajal,Paco,2,GPT OSS 120B · 8 000 TPM,1,1,1
255,carvajal,Arturo,4,GPT OSS 120B · 8 000 TPM,1,1,1
256,consdo,Javier,1,GPT OSS 120B · 8 000 TPM,1,1,1
256,consdo,Paco,2,Llama 3.3 70B · 12 000 TPM,1,1,1
257,dava,Edna,5,GPT OSS 120B · 8 000 TPM,1,1,1
257,dava,Paloma,7,GPT OSS 120B · 8 000 TPM,1,1,1
258,debaxo,Arturo,4,GPT OSS 120B · 8 000 TPM,1,1,1
258,debaxo,Paloma,7,GPT OSS 120B · 8 000 TPM,1,1,1
259,dexo,Arturo,4,GPT OSS 120B · 8 000 TPM,1,1,1
259,dexo,Edna,5,GPT OSS 120B · 8 000 TPM,1,1,1
260,noroeste,Arturo,4,Llama 3.3 70B · 12 000 TPM,1,1,1
260,noroeste,Paloma,7,Llama 3.3 70B · 12 000 TPM,1,1,1
261,sigtes,Javier,1,GPT OSS 120B · 8 000 TPM,1,1,1
261,sigtes,Rodrigo,9,GPT OSS 120B · 8 000 TPM,1,1,1
262,so,Paco,2,Llama 3.3 70B · 12 000 TPM,1,1,1
262,so,Arturo,4,Llama 3.3 70B · 12 000 TPM,1,1,1
263,tie,Javier,1,GPT OSS 120B · 8 000 TPM,1,1,1
263,tie,Rodrigo,9,GPT OSS 120B · 8 000 TPM,1,1,1
264,aber,Paco,2,GPT OSS 120B · 8 000 TPM,1,1,1
264,aber,Paloma,7,GPT OSS 120B · 8 000 TPM,1,1,1
265,iglecia,Javier,1,GPT OSS 120B · 8 000 TPM,1,1,1
265,iglecia,Rodrigo,9,GPT OSS 120B · 8 000 TPM,1,1,1
266,mandato,Edna,5,Llama 3.3 70B · 12 000 TPM,1,1,1
266,mandato,Rodrigo,9,Llama 3.3 70B · 12 000 TPM,1,1,1
267,oydores,Paco,2,GPT OSS 120B · 8 000 TPM,1,1,1
267,oydores,Alba,6,GPT OSS 120B · 8 000 TPM,1,1,1
268,theniente,Javier,1,Llama 3.3 70B · 12 000 TPM,1,1,1
268,theniente,Arturo,4,Llama 3.3 70B · 12 000 TPM,1,1,1
