reviewer_name,reviewer_packet,reviewed_documents,modernised_tokens,distinct_annotations,documents_without_annotations,represented_archives,represented_models,archives,models,pooled_annotations_per_1000_tokens,model_documents__GPT OSS 120B · 8 000 TPM,model_documents__Llama 3.3 70B · 12 000 TPM,model_tokens__GPT OSS 120B · 8 000 TPM,model_tokens__Llama 3.3 70B · 12 000 TPM,model_annotations__GPT OSS 120B · 8 000 TPM,model_annotations__Llama 3.3 70B · 12 000 TPM,model_archives__GPT OSS 120B · 8 000 TPM,model_archives__Llama 3.3 70B · 12 000 TPM,model_pooled_annotations_per_1000_tokens__GPT OSS 120B · 8 000 TPM,model_pooled_annotations_per_1000_tokens__Llama 3.3 70B · 12 000 TPM
Adriana,3,20,7061,516,0,18,2,bnf_119-148 | agn_ahhacienda | bnf_264 | bnf_174 | bnf_116 | bp_cm | bnf_266 | bnf_110 | agn_inquisicion | bnf_243 | agn_marina | bnf_032 | bnf_167 | bnf_075 | mechoacan_yurirapundaro | bnf_267 | agi_contratacion | agi_guadalajara,Llama 3.3 70B · 12 000 TPM | GPT OSS 120B · 8 000 TPM,73.07746778076759,3,17,431,6630,77,439,3,15,178.65429234338748,66.21417797888387
Alba,6,20,6615,555,0,16,2,uia_ms149 | bnf_075 | agi_indiferente | bnf_110 | bnf_283 | bnf_111 | agn_indios | agn_mercedes | agn_realesceddup | bnf_244 | bnf_117 | bnf_104 | amp_ac | utblac_gg | agi_patronato | bnf_118,Llama 3.3 70B · 12 000 TPM | GPT OSS 120B · 8 000 TPM,83.90022675736961,5,15,2334,4281,385,170,5,12,164.9528706083976,39.71034804952114
Arturo,4,20,5281,710,0,18,2,bnf_174 | agn_indios | bnf_075 | bnf_112 | bnf_118 | mechoacan_yurirapundaro | ags_ce | utblac_wbs | bnf_244 | bnf_243 | agn_ahhacienda | bnf_119-148 | uia_ms149 | bp_cm | bnf_117 | bnf_032 | agn_hospjesus | utblac_eog,Llama 3.3 70B · 12 000 TPM | GPT OSS 120B · 8 000 TPM,134.4442340465821,2,18,562,4719,128,582,2,17,227.75800711743773,123.33121424030514
Edna,5,20,5917,294,1,18,2,bnf_243 | agn_tierras | loc_hpkraus | agi_guadalajara | bnf_167 | utblac_jgi | agn_marina | bnf_117 | utblac_wbs | bnf_283 | bnf_264 | bnf_116 | bnf_119-148 | bnf_244 | bnf_118 | bnf_112 | bnf_030 | agn_gralparte,Llama 3.3 70B · 12 000 TPM | GPT OSS 120B · 8 000 TPM,49.68734155822207,5,15,1330,4587,170,124,5,13,127.81954887218045,27.032919119250053
Flor,8,20,5029,318,0,16,2,agn_hospjesus | bnf_113 | utblac_jgi | utblac_gg | bnf_111 | agn_inquisicion | bnf_394 | utblac_eog | agn_marina | agi_contratacion | bnf_032 | bnf_119-148 | ags_ce | bnf_117 | agn_tierras | bnf_266,Llama 3.3 70B · 12 000 TPM | GPT OSS 120B · 8 000 TPM,63.23324716643468,4,16,591,4438,122,196,4,13,206.42978003384096,44.16403785488959
Javier,1,20,5977,230,1,15,2,utblac_eog | ags_ce | agn_ahhacienda | agn_marina | agi_patronato | agn_inquisicion | bne_ms3047 | bnf_174 | agn_congregaciones | bp_cm | agn_indiferentevirreinal | bnf_283 | agi_contratacion | bnf_167 | uia_ms149,Llama 3.3 70B · 12 000 TPM | GPT OSS 120B · 8 000 TPM,38.48084323239083,5,15,1229,4748,137,93,5,11,111.47274206672091,19.58719460825611
Paco,2,20,5403,722,1,19,2,bnf_113 | utblac_gg | agn_hospjesus | bnf_112 | bnf_167 | bnf_267 | utblac_wbs | bnf_032 | bnf_266 | agi_patronato | agn_tierras | uia_ms149 | bnf_117 | agn_marina | bnf_116 | bnf_030 | bnf_104 | loc_hpkraus | agi_contratacion,GPT OSS 120B · 8 000 TPM | Llama 3.3 70B · 12 000 TPM,133.62946511197484,6,14,1706,3697,338,384,6,13,198.1242672919109,103.86800108195834
Paloma,7,20,6128,583,0,17,2,bnf_174 | bnf_118 | agi_patronato | agn_inquisicion | bnf_113 | agn_indiferentevirreinal | bnf_110 | bnf_264 | agn_ahhacienda | agn_realesceddup | bnf_112 | bnf_032 | agn_gralparte | agn_indios | bnf_119-148 | bnf_030 | bnf_111,Llama 3.3 70B · 12 000 TPM | GPT OSS 120B · 8 000 TPM,95.13707571801567,7,13,1840,4288,281,302,7,13,152.7173913043478,70.42910447761194
Rodrigo,9,20,6748,689,0,17,2,utblac_wbs | loc_hpkraus | bnf_243 | bne_ms3047 | ags_ce | agn_gralparte | agi_indiferente | bnf_118 | bnf_394 | bnf_266 | agn_hospjesus | agn_inquisicion | amp_ac | bp_cm | bnf_030 | agn_indiferentevirreinal | utblac_jgi,Llama 3.3 70B · 12 000 TPM | GPT OSS 120B · 8 000 TPM,102.10432720806165,5,15,1629,5119,357,332,5,14,219.15285451197053,64.85641726899784
