reviewer_name,reviewer_packet,model,effective_error_category,distinct_annotations,affected_documents,reviewer_model_category_share
Adriana,3,GPT OSS 120B · 8 000 TPM,Abreviaturas,36,2,0.4675324675324675
Adriana,3,GPT OSS 120B · 8 000 TPM,Acentuación,6,1,0.07792207792207792
Adriana,3,GPT OSS 120B · 8 000 TPM,Cambios,4,1,0.05194805194805195
Adriana,3,GPT OSS 120B · 8 000 TPM,Filológicas - instrucciones,16,2,0.2077922077922078
Adriana,3,GPT OSS 120B · 8 000 TPM,Filológicas - mecánicas,9,3,0.11688311688311688
Adriana,3,GPT OSS 120B · 8 000 TPM,Puntuación,6,2,0.07792207792207792
Adriana,3,Llama 3.3 70B · 12 000 TPM,Abreviaturas,124,14,0.2725274725274725
Adriana,3,Llama 3.3 70B · 12 000 TPM,Acentuación,1,1,0.002197802197802198
Adriana,3,Llama 3.3 70B · 12 000 TPM,Cambios,291,17,0.6395604395604395
Adriana,3,Llama 3.3 70B · 12 000 TPM,Filológicas - instrucciones,32,7,0.07032967032967033
Adriana,3,Llama 3.3 70B · 12 000 TPM,Filológicas - mecánicas,2,2,0.004395604395604396
Adriana,3,Llama 3.3 70B · 12 000 TPM,Puntuación,5,3,0.01098901098901099
Alba,6,GPT OSS 120B · 8 000 TPM,Abreviaturas,220,5,0.5188679245283019
Alba,6,GPT OSS 120B · 8 000 TPM,Acentuación,77,4,0.18160377358490565
Alba,6,GPT OSS 120B · 8 000 TPM,Cambios,54,5,0.12735849056603774
Alba,6,GPT OSS 120B · 8 000 TPM,Filológicas - instrucciones,54,5,0.12735849056603774
Alba,6,GPT OSS 120B · 8 000 TPM,Filológicas - mecánicas,19,4,0.04481132075471698
Alba,6,Llama 3.3 70B · 12 000 TPM,Abreviaturas,57,12,0.3220338983050847
Alba,6,Llama 3.3 70B · 12 000 TPM,Acentuación,10,6,0.05649717514124294
Alba,6,Llama 3.3 70B · 12 000 TPM,Cambios,86,15,0.4858757062146893
Alba,6,Llama 3.3 70B · 12 000 TPM,Filológicas - instrucciones,15,7,0.0847457627118644
Alba,6,Llama 3.3 70B · 12 000 TPM,Filológicas - mecánicas,6,3,0.03389830508474576
Alba,6,Llama 3.3 70B · 12 000 TPM,Puntuación,3,1,0.01694915254237288
Arturo,4,GPT OSS 120B · 8 000 TPM,Abreviaturas,34,2,0.22818791946308725
Arturo,4,GPT OSS 120B · 8 000 TPM,Acentuación,24,2,0.1610738255033557
Arturo,4,GPT OSS 120B · 8 000 TPM,Cambios,31,2,0.2080536912751678
Arturo,4,GPT OSS 120B · 8 000 TPM,Filológicas - instrucciones,14,1,0.09395973154362416
Arturo,4,GPT OSS 120B · 8 000 TPM,Filológicas - mecánicas,8,1,0.053691275167785234
Arturo,4,GPT OSS 120B · 8 000 TPM,Puntuación,38,2,0.2550335570469799
Arturo,4,Llama 3.3 70B · 12 000 TPM,Abreviaturas,89,14,0.14401294498381878
Arturo,4,Llama 3.3 70B · 12 000 TPM,Acentuación,20,10,0.032362459546925564
Arturo,4,Llama 3.3 70B · 12 000 TPM,Cambios,229,18,0.3705501618122977
Arturo,4,Llama 3.3 70B · 12 000 TPM,Filológicas - instrucciones,39,12,0.06310679611650485
Arturo,4,Llama 3.3 70B · 12 000 TPM,Filológicas - mecánicas,12,6,0.019417475728155338
Arturo,4,Llama 3.3 70B · 12 000 TPM,Puntuación,229,17,0.3705501618122977
Edna,5,GPT OSS 120B · 8 000 TPM,Abreviaturas,67,4,0.34536082474226804
Edna,5,GPT OSS 120B · 8 000 TPM,Acentuación,17,2,0.08762886597938144
Edna,5,GPT OSS 120B · 8 000 TPM,Cambios,44,3,0.2268041237113402
Edna,5,GPT OSS 120B · 8 000 TPM,Filológicas - instrucciones,30,4,0.15463917525773196
Edna,5,GPT OSS 120B · 8 000 TPM,Filológicas - mecánicas,8,2,0.041237113402061855
Edna,5,GPT OSS 120B · 8 000 TPM,Puntuación,28,5,0.14432989690721648
Edna,5,Llama 3.3 70B · 12 000 TPM,Abreviaturas,40,7,0.2962962962962963
Edna,5,Llama 3.3 70B · 12 000 TPM,Acentuación,4,2,0.02962962962962963
Edna,5,Llama 3.3 70B · 12 000 TPM,Cambios,51,11,0.37777777777777777
Edna,5,Llama 3.3 70B · 12 000 TPM,Filológicas - instrucciones,28,5,0.2074074074074074
Edna,5,Llama 3.3 70B · 12 000 TPM,Puntuación,12,7,0.08888888888888889
Flor,8,GPT OSS 120B · 8 000 TPM,Abreviaturas,56,4,0.4375
Flor,8,GPT OSS 120B · 8 000 TPM,Acentuación,4,2,0.03125
Flor,8,GPT OSS 120B · 8 000 TPM,Cambios,10,2,0.078125
Flor,8,GPT OSS 120B · 8 000 TPM,Filológicas - instrucciones,50,2,0.390625
Flor,8,GPT OSS 120B · 8 000 TPM,Filológicas - mecánicas,7,1,0.0546875
Flor,8,GPT OSS 120B · 8 000 TPM,Puntuación,1,1,0.0078125
Flor,8,Llama 3.3 70B · 12 000 TPM,Abreviaturas,29,7,0.14427860696517414
Flor,8,Llama 3.3 70B · 12 000 TPM,Acentuación,12,3,0.05970149253731343
Flor,8,Llama 3.3 70B · 12 000 TPM,Cambios,125,14,0.6218905472636815
Flor,8,Llama 3.3 70B · 12 000 TPM,Filológicas - instrucciones,17,7,0.0845771144278607
Flor,8,Llama 3.3 70B · 12 000 TPM,Puntuación,18,6,0.08955223880597014
Javier,1,GPT OSS 120B · 8 000 TPM,Abreviaturas,85,5,0.5944055944055944
Javier,1,GPT OSS 120B · 8 000 TPM,Acentuación,7,1,0.04895104895104895
Javier,1,GPT OSS 120B · 8 000 TPM,Cambios,19,5,0.13286713286713286
Javier,1,GPT OSS 120B · 8 000 TPM,Filológicas - instrucciones,20,3,0.13986013986013987
Javier,1,GPT OSS 120B · 8 000 TPM,Filológicas - mecánicas,10,2,0.06993006993006994
Javier,1,GPT OSS 120B · 8 000 TPM,Puntuación,2,1,0.013986013986013986
Javier,1,Llama 3.3 70B · 12 000 TPM,Abreviaturas,38,7,0.4
Javier,1,Llama 3.3 70B · 12 000 TPM,Cambios,24,9,0.25263157894736843
Javier,1,Llama 3.3 70B · 12 000 TPM,Filológicas - mecánicas,2,2,0.021052631578947368
Javier,1,Llama 3.3 70B · 12 000 TPM,Puntuación,31,10,0.3263157894736842
Paco,2,GPT OSS 120B · 8 000 TPM,Abreviaturas,171,6,0.42643391521197005
Paco,2,GPT OSS 120B · 8 000 TPM,Acentuación,34,6,0.08478802992518704
Paco,2,GPT OSS 120B · 8 000 TPM,Cambios,138,6,0.34413965087281795
Paco,2,GPT OSS 120B · 8 000 TPM,Filológicas - instrucciones,30,5,0.07481296758104738
Paco,2,GPT OSS 120B · 8 000 TPM,Filológicas - mecánicas,10,3,0.02493765586034913
Paco,2,GPT OSS 120B · 8 000 TPM,Puntuación,18,4,0.04488778054862843
Paco,2,Llama 3.3 70B · 12 000 TPM,Abreviaturas,213,11,0.5365239294710328
Paco,2,Llama 3.3 70B · 12 000 TPM,Acentuación,20,5,0.05037783375314862
Paco,2,Llama 3.3 70B · 12 000 TPM,Cambios,143,13,0.3602015113350126
Paco,2,Llama 3.3 70B · 12 000 TPM,Filológicas - instrucciones,4,1,0.010075566750629723
Paco,2,Llama 3.3 70B · 12 000 TPM,Filológicas - mecánicas,3,1,0.007556675062972292
Paco,2,Llama 3.3 70B · 12 000 TPM,Puntuación,14,5,0.03526448362720403
Paloma,7,GPT OSS 120B · 8 000 TPM,Abreviaturas,97,6,0.31596091205211724
Paloma,7,GPT OSS 120B · 8 000 TPM,Acentuación,12,4,0.03908794788273615
Paloma,7,GPT OSS 120B · 8 000 TPM,Cambios,69,6,0.2247557003257329
Paloma,7,GPT OSS 120B · 8 000 TPM,Filológicas - instrucciones,70,4,0.2280130293159609
Paloma,7,GPT OSS 120B · 8 000 TPM,Filológicas - mecánicas,39,6,0.1270358306188925
Paloma,7,GPT OSS 120B · 8 000 TPM,Puntuación,20,1,0.06514657980456026
Paloma,7,Llama 3.3 70B · 12 000 TPM,Abreviaturas,75,11,0.23148148148148148
Paloma,7,Llama 3.3 70B · 12 000 TPM,Acentuación,2,2,0.006172839506172839
Paloma,7,Llama 3.3 70B · 12 000 TPM,Cambios,200,12,0.6172839506172839
Paloma,7,Llama 3.3 70B · 12 000 TPM,Filológicas - instrucciones,39,9,0.12037037037037036
Paloma,7,Llama 3.3 70B · 12 000 TPM,Filológicas - mecánicas,7,3,0.021604938271604937
Paloma,7,Llama 3.3 70B · 12 000 TPM,Puntuación,1,1,0.0030864197530864196
Rodrigo,9,GPT OSS 120B · 8 000 TPM,Abreviaturas,112,5,0.2828282828282828
Rodrigo,9,GPT OSS 120B · 8 000 TPM,Acentuación,30,4,0.07575757575757576
Rodrigo,9,GPT OSS 120B · 8 000 TPM,Cambios,189,5,0.4772727272727273
Rodrigo,9,GPT OSS 120B · 8 000 TPM,Filológicas - instrucciones,18,5,0.045454545454545456
Rodrigo,9,GPT OSS 120B · 8 000 TPM,Filológicas - mecánicas,7,3,0.017676767676767676
Rodrigo,9,GPT OSS 120B · 8 000 TPM,Puntuación,40,5,0.10101010101010101
Rodrigo,9,Llama 3.3 70B · 12 000 TPM,Abreviaturas,82,11,0.2265193370165746
Rodrigo,9,Llama 3.3 70B · 12 000 TPM,Acentuación,25,7,0.06906077348066299
Rodrigo,9,Llama 3.3 70B · 12 000 TPM,Cambios,212,15,0.585635359116022
Rodrigo,9,Llama 3.3 70B · 12 000 TPM,Filológicas - instrucciones,13,5,0.03591160220994475
Rodrigo,9,Llama 3.3 70B · 12 000 TPM,Filológicas - mecánicas,4,4,0.011049723756906077
Rodrigo,9,Llama 3.3 70B · 12 000 TPM,Puntuación,26,7,0.0718232044198895
