summary_level,group_name,model,reviewed_documents,modernised_tokens,included_annotations,included_assignments,annotations_per_1000_tokens,distinct_reviewers,upper_outlier_documents,count_and_rate_outlier_documents,count_only_outlier_documents,rate_only_outlier_documents
archive,agi_contratacion,GPT OSS 120B · 8 000 TPM,2.0,317.0,38.0,38.0,119.87381703470032,2.0,0.0,0.0,0.0,0.0
archive,agi_contratacion,Llama 3.3 70B · 12 000 TPM,2.0,510.0,68.0,74.0,133.33333333333334,2.0,0.0,0.0,0.0,0.0
archive,agi_guadalajara,GPT OSS 120B · 8 000 TPM,2.0,345.0,31.0,34.0,89.85507246376811,2.0,0.0,0.0,0.0,0.0
archive,agi_indiferente,GPT OSS 120B · 8 000 TPM,1.0,191.0,46.0,52.0,240.83769633507853,1.0,0.0,0.0,0.0,0.0
archive,agi_indiferente,Llama 3.3 70B · 12 000 TPM,3.0,917.0,100.0,117.0,109.05125408942203,2.0,1.0,0.0,1.0,0.0
archive,agi_patronato,GPT OSS 120B · 8 000 TPM,3.0,845.0,113.0,134.0,133.72781065088756,3.0,0.0,0.0,0.0,0.0
archive,agi_patronato,Llama 3.3 70B · 12 000 TPM,2.0,560.0,7.0,7.0,12.5,2.0,0.0,0.0,0.0,0.0
archive,agn_ahhacienda,GPT OSS 120B · 8 000 TPM,2.0,583.0,88.0,90.0,150.94339622641508,2.0,0.0,0.0,0.0,0.0
archive,agn_ahhacienda,Llama 3.3 70B · 12 000 TPM,2.0,426.0,43.0,51.0,100.93896713615024,2.0,0.0,0.0,0.0,0.0
archive,agn_congregaciones,Llama 3.3 70B · 12 000 TPM,1.0,374.0,3.0,3.0,8.02139037433155,1.0,0.0,0.0,0.0,0.0
archive,agn_gralparte,GPT OSS 120B · 8 000 TPM,1.0,459.0,141.0,168.0,307.18954248366015,1.0,0.0,0.0,0.0,0.0
archive,agn_gralparte,Llama 3.3 70B · 12 000 TPM,3.0,822.0,59.0,71.0,71.77615571776155,3.0,0.0,0.0,0.0,0.0
archive,agn_hospjesus,Llama 3.3 70B · 12 000 TPM,4.0,1051.0,99.0,105.0,94.19600380589914,4.0,0.0,0.0,0.0,0.0
archive,agn_indiferentevirreinal,GPT OSS 120B · 8 000 TPM,1.0,137.0,18.0,23.0,131.38686131386862,1.0,0.0,0.0,0.0,0.0
archive,agn_indiferentevirreinal,Llama 3.3 70B · 12 000 TPM,2.0,404.0,18.0,23.0,44.554455445544555,2.0,0.0,0.0,0.0,0.0
archive,agn_indios,GPT OSS 120B · 8 000 TPM,3.0,1245.0,167.0,178.0,134.13654618473896,3.0,0.0,0.0,0.0,0.0
archive,agn_indios,Llama 3.3 70B · 12 000 TPM,1.0,252.0,23.0,27.0,91.26984126984127,1.0,0.0,0.0,0.0,0.0
archive,agn_inquisicion,GPT OSS 120B · 8 000 TPM,1.0,10.0,3.0,3.0,300.0,1.0,0.0,0.0,0.0,0.0
archive,agn_inquisicion,Llama 3.3 70B · 12 000 TPM,4.0,634.0,28.0,29.0,44.16403785488959,4.0,0.0,0.0,0.0,0.0
archive,agn_marina,GPT OSS 120B · 8 000 TPM,3.0,267.0,17.0,18.0,63.67041198501873,3.0,0.0,0.0,0.0,0.0
archive,agn_marina,Llama 3.3 70B · 12 000 TPM,2.0,153.0,9.0,9.0,58.8235294117647,2.0,0.0,0.0,0.0,0.0
archive,agn_mercedes,GPT OSS 120B · 8 000 TPM,1.0,455.0,109.0,122.0,239.56043956043956,1.0,0.0,0.0,0.0,0.0
archive,agn_realesceddup,GPT OSS 120B · 8 000 TPM,2.0,906.0,143.0,165.0,157.83664459161147,2.0,0.0,0.0,0.0,0.0
archive,agn_realesceddup,Llama 3.3 70B · 12 000 TPM,2.0,654.0,10.0,10.0,15.290519877675841,1.0,0.0,0.0,0.0,0.0
archive,agn_tierras,GPT OSS 120B · 8 000 TPM,1.0,177.0,26.0,41.0,146.89265536723164,1.0,0.0,0.0,0.0,0.0
archive,agn_tierras,Llama 3.3 70B · 12 000 TPM,2.0,306.0,18.0,20.0,58.8235294117647,2.0,0.0,0.0,0.0,0.0
archive,ags_ce,GPT OSS 120B · 8 000 TPM,1.0,83.0,13.0,16.0,156.6265060240964,1.0,0.0,0.0,0.0,0.0
archive,ags_ce,Llama 3.3 70B · 12 000 TPM,3.0,560.0,28.0,30.0,50.0,3.0,0.0,0.0,0.0,0.0
archive,amp_ac,GPT OSS 120B · 8 000 TPM,1.0,188.0,24.0,34.0,127.6595744680851,1.0,0.0,0.0,0.0,0.0
archive,amp_ac,Llama 3.3 70B · 12 000 TPM,1.0,112.0,7.0,7.0,62.5,1.0,0.0,0.0,0.0,0.0
archive,bne_ms3047,GPT OSS 120B · 8 000 TPM,2.0,998.0,159.0,169.0,159.3186372745491,2.0,0.0,0.0,0.0,0.0
archive,bne_ms3047,Llama 3.3 70B · 12 000 TPM,1.0,462.0,5.0,5.0,10.822510822510822,1.0,0.0,0.0,0.0,0.0
archive,bnf_030,GPT OSS 120B · 8 000 TPM,3.0,802.0,94.0,113.0,117.20698254364089,3.0,0.0,0.0,0.0,0.0
archive,bnf_030,Llama 3.3 70B · 12 000 TPM,1.0,383.0,39.0,48.0,101.82767624020887,1.0,0.0,0.0,0.0,0.0
archive,bnf_032,GPT OSS 120B · 8 000 TPM,2.0,315.0,103.0,110.0,326.984126984127,2.0,0.0,0.0,0.0,0.0
archive,bnf_032,Llama 3.3 70B · 12 000 TPM,3.0,1244.0,165.0,189.0,132.63665594855306,3.0,1.0,0.0,1.0,0.0
archive,bnf_075,GPT OSS 120B · 8 000 TPM,1.0,383.0,37.0,41.0,96.60574412532637,1.0,0.0,0.0,0.0,0.0
archive,bnf_075,Llama 3.3 70B · 12 000 TPM,3.0,710.0,132.0,142.0,185.9154929577465,2.0,2.0,0.0,1.0,1.0
archive,bnf_104,GPT OSS 120B · 8 000 TPM,1.0,328.0,68.0,88.0,207.3170731707317,1.0,0.0,0.0,0.0,0.0
archive,bnf_104,Llama 3.3 70B · 12 000 TPM,1.0,245.0,22.0,25.0,89.79591836734693,1.0,0.0,0.0,0.0,0.0
archive,bnf_110,Llama 3.3 70B · 12 000 TPM,4.0,889.0,54.0,57.0,60.74240719910011,3.0,0.0,0.0,0.0,0.0
archive,bnf_111,GPT OSS 120B · 8 000 TPM,1.0,459.0,109.0,115.0,237.47276688453158,1.0,0.0,0.0,0.0,0.0
archive,bnf_111,Llama 3.3 70B · 12 000 TPM,3.0,1633.0,87.0,98.0,53.27617881200245,3.0,0.0,0.0,0.0,0.0
archive,bnf_112,GPT OSS 120B · 8 000 TPM,4.0,1226.0,271.0,314.0,221.04404567699837,4.0,0.0,0.0,0.0,0.0
archive,bnf_112,Llama 3.3 70B · 12 000 TPM,1.0,309.0,41.0,45.0,132.68608414239483,1.0,0.0,0.0,0.0,0.0
archive,bnf_113,GPT OSS 120B · 8 000 TPM,2.0,660.0,139.0,156.0,210.6060606060606,2.0,0.0,0.0,0.0,0.0
archive,bnf_113,Llama 3.3 70B · 12 000 TPM,2.0,774.0,31.0,31.0,40.0516795865633,2.0,0.0,0.0,0.0,0.0
archive,bnf_116,GPT OSS 120B · 8 000 TPM,1.0,273.0,38.0,49.0,139.1941391941392,1.0,0.0,0.0,0.0,0.0
archive,bnf_116,Llama 3.3 70B · 12 000 TPM,3.0,393.0,21.0,22.0,53.43511450381679,2.0,0.0,0.0,0.0,0.0
archive,bnf_117,Llama 3.3 70B · 12 000 TPM,5.0,1178.0,59.0,69.0,50.0848896434635,5.0,0.0,0.0,0.0,0.0
archive,bnf_118,Llama 3.3 70B · 12 000 TPM,5.0,1137.0,111.0,115.0,97.62532981530343,5.0,0.0,0.0,0.0,0.0
archive,bnf_119-148,Llama 3.3 70B · 12 000 TPM,5.0,1502.0,84.0,90.0,55.9254327563249,5.0,0.0,0.0,0.0,0.0
archive,bnf_167,Llama 3.3 70B · 12 000 TPM,5.0,2009.0,29.0,29.0,14.43504230960677,4.0,0.0,0.0,0.0,0.0
archive,bnf_174,Llama 3.3 70B · 12 000 TPM,5.0,2947.0,166.0,176.0,56.32846963013234,4.0,1.0,0.0,1.0,0.0
archive,bnf_243,Llama 3.3 70B · 12 000 TPM,4.0,1350.0,85.0,98.0,62.962962962962955,4.0,0.0,0.0,0.0,0.0
archive,bnf_244,Llama 3.3 70B · 12 000 TPM,4.0,1000.0,52.0,52.0,52.0,3.0,0.0,0.0,0.0,0.0
archive,bnf_264,Llama 3.3 70B · 12 000 TPM,3.0,2219.0,130.0,139.0,58.58494817485354,3.0,1.0,0.0,1.0,0.0
archive,bnf_266,Llama 3.3 70B · 12 000 TPM,5.0,4195.0,226.0,336.0,53.87365911799762,4.0,1.0,0.0,1.0,0.0
archive,bnf_267,Llama 3.3 70B · 12 000 TPM,3.0,685.0,185.0,187.0,270.0729927007299,2.0,2.0,2.0,0.0,0.0
archive,bnf_283,Llama 3.3 70B · 12 000 TPM,3.0,1577.0,16.0,19.0,10.145846544071022,3.0,0.0,0.0,0.0,0.0
archive,bnf_394,Llama 3.3 70B · 12 000 TPM,3.0,944.0,35.0,39.0,37.07627118644068,2.0,0.0,0.0,0.0,0.0
archive,bp_cm,Llama 3.3 70B · 12 000 TPM,5.0,1180.0,63.0,71.0,53.389830508474574,4.0,0.0,0.0,0.0,0.0
archive,loc_hpkraus,Llama 3.3 70B · 12 000 TPM,3.0,675.0,26.0,26.0,38.51851851851852,3.0,0.0,0.0,0.0,0.0
archive,mechoacan_yurirapundaro,Llama 3.3 70B · 12 000 TPM,2.0,375.0,30.0,32.0,80.0,2.0,0.0,0.0,0.0,0.0
archive,uia_ms149,Llama 3.3 70B · 12 000 TPM,5.0,1551.0,101.0,115.0,65.11927788523533,4.0,1.0,0.0,1.0,0.0
archive,utblac_eog,Llama 3.3 70B · 12 000 TPM,4.0,429.0,11.0,12.0,25.64102564102564,3.0,0.0,0.0,0.0,0.0
archive,utblac_gg,Llama 3.3 70B · 12 000 TPM,4.0,726.0,37.0,38.0,50.964187327823694,3.0,0.0,0.0,0.0,0.0
archive,utblac_jgi,Llama 3.3 70B · 12 000 TPM,4.0,814.0,16.0,19.0,19.656019656019655,3.0,0.0,0.0,0.0,0.0
archive,utblac_wbs,Llama 3.3 70B · 12 000 TPM,5.0,1237.0,43.0,47.0,34.76151980598222,4.0,0.0,0.0,0.0,0.0
archive_prefix_group,AGI,GPT OSS 120B · 8 000 TPM,8.0,1698.0,228.0,258.0,134.27561837455832,7.0,0.0,0.0,0.0,0.0
archive_prefix_group,AGI,Llama 3.3 70B · 12 000 TPM,7.0,1987.0,175.0,198.0,88.07247106190238,6.0,1.0,0.0,1.0,0.0
archive_prefix_group,AGN,GPT OSS 120B · 8 000 TPM,15.0,4239.0,712.0,808.0,167.9641424864355,8.0,0.0,0.0,0.0,0.0
archive_prefix_group,AGN,Llama 3.3 70B · 12 000 TPM,23.0,5076.0,310.0,348.0,61.07171000788022,9.0,0.0,0.0,0.0,0.0
archive_prefix_group,AGS,GPT OSS 120B · 8 000 TPM,1.0,83.0,13.0,16.0,156.6265060240964,1.0,0.0,0.0,0.0,0.0
archive_prefix_group,AGS,Llama 3.3 70B · 12 000 TPM,3.0,560.0,28.0,30.0,50.0,3.0,0.0,0.0,0.0,0.0
archive_prefix_group,AMP,GPT OSS 120B · 8 000 TPM,1.0,188.0,24.0,34.0,127.6595744680851,1.0,0.0,0.0,0.0,0.0
archive_prefix_group,AMP,Llama 3.3 70B · 12 000 TPM,1.0,112.0,7.0,7.0,62.5,1.0,0.0,0.0,0.0,0.0
archive_prefix_group,BNE,GPT OSS 120B · 8 000 TPM,2.0,998.0,159.0,169.0,159.3186372745491,2.0,0.0,0.0,0.0,0.0
archive_prefix_group,BNE,Llama 3.3 70B · 12 000 TPM,1.0,462.0,5.0,5.0,10.822510822510822,1.0,0.0,0.0,0.0,0.0
archive_prefix_group,BNF,GPT OSS 120B · 8 000 TPM,15.0,4446.0,859.0,986.0,193.20737741790373,7.0,0.0,0.0,0.0,0.0
archive_prefix_group,BNF,Llama 3.3 70B · 12 000 TPM,71.0,27323.0,1770.0,2006.0,64.78058778318632,9.0,8.0,2.0,5.0,1.0
archive_prefix_group,BP,Llama 3.3 70B · 12 000 TPM,5.0,1180.0,63.0,71.0,53.389830508474574,4.0,0.0,0.0,0.0,0.0
archive_prefix_group,LOC,Llama 3.3 70B · 12 000 TPM,3.0,675.0,26.0,26.0,38.51851851851852,3.0,0.0,0.0,0.0,0.0
archive_prefix_group,MECHOACAN,Llama 3.3 70B · 12 000 TPM,2.0,375.0,30.0,32.0,80.0,2.0,0.0,0.0,0.0,0.0
archive_prefix_group,UIA,Llama 3.3 70B · 12 000 TPM,5.0,1551.0,101.0,115.0,65.11927788523533,4.0,1.0,0.0,1.0,0.0
archive_prefix_group,UTBLAC,Llama 3.3 70B · 12 000 TPM,17.0,3206.0,107.0,116.0,33.37492202121023,7.0,0.0,0.0,0.0,0.0
