filename_stem,filename,archive,reviewer,model
utblac_eog_v_41_orig_10,utblac_eog_v_41_orig_10_GT.txt,utblac_eog,1,Llama 3.3 70B · 12 000 TPM
AGS_CE_RG_L379_01,AGS_CE_RG_L379_01_GT.txt,ags_ce,1,GPT OSS 120B · 8 000 TPM
AGN_AHHacienda_v1292_exp135,AGN_AHHacienda_v1292_exp135_GT.txt,agn_ahhacienda,1,GPT OSS 120B · 8 000 TPM
AGN_Marina_v004_exp006_014,AGN_Marina_v004_exp006_014_GT.txt,agn_marina,1,GPT OSS 120B · 8 000 TPM
AGI_PATRONATO_182_R3_03,AGI_PATRONATO_182_R3_03_GT.txt,agi_patronato,1,Llama 3.3 70B · 12 000 TPM
AGN_Inquisicion_v1568A_exp152_fs115-116v_03,AGN_Inquisicion_v1568A_exp152_fs115-116v_03_GT.txt,agn_inquisicion,1,Llama 3.3 70B · 12 000 TPM
BNE_ms3047_3,BNE_ms3047_3_GT.txt,bne_ms3047,1,Llama 3.3 70B · 12 000 TPM
BnF_174_02,BnF_174_02_GT.txt,bnf_174,1,Llama 3.3 70B · 12 000 TPM
BNE_ms3047_4,BNE_ms3047_4_GT.txt,bne_ms3047,1,GPT OSS 120B · 8 000 TPM
AGN_Congregaciones_v001_exp076,AGN_Congregaciones_v001_exp076_GT.txt,agn_congregaciones,1,Llama 3.3 70B · 12 000 TPM
BP_CM_R481_071_3,BP_CM_R481_071_3_GT.txt,bp_cm,1,Llama 3.3 70B · 12 000 TPM
AGN_IndiferenteVirreinal_caja4156_exp025,AGN_IndiferenteVirreinal_caja4156_exp025_GT.txt,agn_indiferentevirreinal,1,Llama 3.3 70B · 12 000 TPM
BnF_283_12,BnF_283_12_GT.txt,bnf_283,1,Llama 3.3 70B · 12 000 TPM
AGI_CONTRATACION_1091_N3_098,AGI_CONTRATACION_1091_N3_098_GT.txt,agi_contratacion,1,GPT OSS 120B · 8 000 TPM
BnF_167_03,BnF_167_03_GT.txt,bnf_167,1,Llama 3.3 70B · 12 000 TPM
BnF_174_06,BnF_174_06_GT.txt,bnf_174,1,Llama 3.3 70B · 12 000 TPM
BnF_167_04,BnF_167_04_GT.txt,bnf_167,1,Llama 3.3 70B · 12 000 TPM
UIA_Ms149_Exp3_08,UIA_Ms149_Exp3_08_GT.txt,uia_ms149,1,Llama 3.3 70B · 12 000 TPM
utblac_eog_wbs_procesal_sample_01_10,utblac_eog_wbs_procesal_sample_01_10_GT.txt,utblac_eog,1,Llama 3.3 70B · 12 000 TPM
BP_CM_R494_156_2,BP_CM_R494_156_2_GT.txt,bp_cm,1,Llama 3.3 70B · 12 000 TPM
BnF_113_04,BnF_113_04_GT.txt,bnf_113,2,GPT OSS 120B · 8 000 TPM
utblac_gg_mss_g62_duplicated_15,utblac_gg_mss_g62_duplicated_15_GT.txt,utblac_gg,2,Llama 3.3 70B · 12 000 TPM
AGN_HospJesus_c474_leg267-2_exp024_7473-7537_02,AGN_HospJesus_c474_leg267-2_exp024_7473-7537_02_GT.txt,agn_hospjesus,2,Llama 3.3 70B · 12 000 TPM
BnF_112_25,BnF_112_25_GT.txt,bnf_112,2,GPT OSS 120B · 8 000 TPM
BnF_167_25,BnF_167_25_GT.txt,bnf_167,2,Llama 3.3 70B · 12 000 TPM
BnF_267_03,BnF_267_03_GT.txt,bnf_267,2,Llama 3.3 70B · 12 000 TPM
utblac_wbs_0886_duplicated_2,utblac_wbs_0886_duplicated_2_GT.txt,utblac_wbs,2,Llama 3.3 70B · 12 000 TPM
BnF_032_36,BnF_032_36_GT.txt,bnf_032,2,GPT OSS 120B · 8 000 TPM
BnF_266_07,BnF_266_07_GT.txt,bnf_266,2,Llama 3.3 70B · 12 000 TPM
BnF_267_23,BnF_267_23_GT.txt,bnf_267,2,Llama 3.3 70B · 12 000 TPM
AGI_PATRONATO_182_R3_04,AGI_PATRONATO_182_R3_04_GT.txt,agi_patronato,2,GPT OSS 120B · 8 000 TPM
AGN_Tierras_v2963_exp059_24,AGN_Tierras_v2963_exp059_24_GT.txt,agn_tierras,2,Llama 3.3 70B · 12 000 TPM
UIA_Ms149_Exp3_43,UIA_Ms149_Exp3_43_GT.txt,uia_ms149,2,Llama 3.3 70B · 12 000 TPM
BnF_117_13,BnF_117_13_GT.txt,bnf_117,2,Llama 3.3 70B · 12 000 TPM
AGN_Marina_v031A_exp02_fs85-92_15,AGN_Marina_v031A_exp02_fs85-92_15_GT.txt,agn_marina,2,Llama 3.3 70B · 12 000 TPM
BnF_116_02,BnF_116_02_GT.txt,bnf_116,2,GPT OSS 120B · 8 000 TPM
BnF_030_22,BnF_030_22_GT.txt,bnf_030,2,Llama 3.3 70B · 12 000 TPM
BnF_104_2,BnF_104_2_GT.txt,bnf_104,2,GPT OSS 120B · 8 000 TPM
LoC_HPKraus_146_new_13,LoC_HPKraus_146_new_13_GT.txt,loc_hpkraus,2,Llama 3.3 70B · 12 000 TPM
AGI_CONTRATACION_1089_N8_151,AGI_CONTRATACION_1089_N8_151_GT.txt,agi_contratacion,2,Llama 3.3 70B · 12 000 TPM
BnF_119-148_24,BnF_119-148_24_GT.txt,bnf_119-148,3,Llama 3.3 70B · 12 000 TPM
AGN_AHHacienda_v268_exp046_01,AGN_AHHacienda_v268_exp046_01_GT.txt,agn_ahhacienda,3,GPT OSS 120B · 8 000 TPM
BnF_264_03,BnF_264_03_GT.txt,bnf_264,3,Llama 3.3 70B · 12 000 TPM
BnF_174_05,BnF_174_05_GT.txt,bnf_174,3,Llama 3.3 70B · 12 000 TPM
BnF_116_07,BnF_116_07_GT.txt,bnf_116,3,Llama 3.3 70B · 12 000 TPM
BP_CM_R481_071_2,BP_CM_R481_071_2_GT.txt,bp_cm,3,Llama 3.3 70B · 12 000 TPM
BnF_266_05,BnF_266_05_GT.txt,bnf_266,3,Llama 3.3 70B · 12 000 TPM
BnF_110_13,BnF_110_13_GT.txt,bnf_110,3,Llama 3.3 70B · 12 000 TPM
AGN_Inquisicion_v1570A_exp134_fs159-160v_02,AGN_Inquisicion_v1570A_exp134_fs159-160v_02_GT.txt,agn_inquisicion,3,Llama 3.3 70B · 12 000 TPM
BnF_243_18,BnF_243_18_GT.txt,bnf_243,3,Llama 3.3 70B · 12 000 TPM
AGN_Marina_v031A_exp02_fs85-92_11,AGN_Marina_v031A_exp02_fs85-92_11_GT.txt,agn_marina,3,Llama 3.3 70B · 12 000 TPM
BnF_032_33,BnF_032_33_GT.txt,bnf_032,3,Llama 3.3 70B · 12 000 TPM
BnF_167_29,BnF_167_29_GT.txt,bnf_167,3,Llama 3.3 70B · 12 000 TPM
BnF_075_003,BnF_075_003_GT.txt,bnf_075,3,Llama 3.3 70B · 12 000 TPM
BnF_116_08,BnF_116_08_GT.txt,bnf_116,3,Llama 3.3 70B · 12 000 TPM
Mechoacan_Yurirapundaro_1,Mechoacan_Yurirapundaro_1_GT.txt,mechoacan_yurirapundaro,3,Llama 3.3 70B · 12 000 TPM
BnF_267_15,BnF_267_15_GT.txt,bnf_267,3,Llama 3.3 70B · 12 000 TPM
AGI_CONTRATACION_1183_N8_78,AGI_CONTRATACION_1183_N8_78_GT.txt,agi_contratacion,3,GPT OSS 120B · 8 000 TPM
BnF_266_06,BnF_266_06_GT.txt,bnf_266,3,Llama 3.3 70B · 12 000 TPM
AGI_GUADALAJARA_230_L2_F_45V-46V_2,AGI_GUADALAJARA_230_L2_F_45V-46V_2_GT.txt,agi_guadalajara,3,GPT OSS 120B · 8 000 TPM
BnF_174_03,BnF_174_03_GT.txt,bnf_174,4,Llama 3.3 70B · 12 000 TPM
AGN_Indios_v009_exp002_fs3v-4_01,AGN_Indios_v009_exp002_fs3v-4_01_GT.txt,agn_indios,4,Llama 3.3 70B · 12 000 TPM
BnF_075_035,BnF_075_035_GT.txt,bnf_075,4,Llama 3.3 70B · 12 000 TPM
BnF_112_02,BnF_112_02_GT.txt,bnf_112,4,GPT OSS 120B · 8 000 TPM
BnF_118_08,BnF_118_08_GT.txt,bnf_118,4,Llama 3.3 70B · 12 000 TPM
Mechoacan_Yurirapundaro_2,Mechoacan_Yurirapundaro_2_GT.txt,mechoacan_yurirapundaro,4,Llama 3.3 70B · 12 000 TPM
AGS_CE_RG_L379_02,AGS_CE_RG_L379_02_GT.txt,ags_ce,4,Llama 3.3 70B · 12 000 TPM
utblac_wbs_0912a_duplicated,utblac_wbs_0912a_duplicated_GT.txt,utblac_wbs,4,Llama 3.3 70B · 12 000 TPM
BnF_244_03,BnF_244_03_GT.txt,bnf_244,4,Llama 3.3 70B · 12 000 TPM
BnF_243_12,BnF_243_12_GT.txt,bnf_243,4,Llama 3.3 70B · 12 000 TPM
AGN_Indios_v009_exp003_fs4v-5_01,AGN_Indios_v009_exp003_fs4v-5_01_GT.txt,agn_indios,4,GPT OSS 120B · 8 000 TPM
AGN_AHHacienda_v268_exp046_03,AGN_AHHacienda_v268_exp046_03_GT.txt,agn_ahhacienda,4,Llama 3.3 70B · 12 000 TPM
BnF_119-148_18,BnF_119-148_18_GT.txt,bnf_119-148,4,Llama 3.3 70B · 12 000 TPM
UIA_Ms149_Exp2_51,UIA_Ms149_Exp2_51_GT.txt,uia_ms149,4,Llama 3.3 70B · 12 000 TPM
BP_CM_R481_016,BP_CM_R481_016_GT.txt,bp_cm,4,Llama 3.3 70B · 12 000 TPM
BnF_075_026,BnF_075_026_GT.txt,bnf_075,4,Llama 3.3 70B · 12 000 TPM
BnF_117_03,BnF_117_03_GT.txt,bnf_117,4,Llama 3.3 70B · 12 000 TPM
BnF_032_23,BnF_032_23_GT.txt,bnf_032,4,Llama 3.3 70B · 12 000 TPM
AGN_HospJesus_c474_leg267-2_exp024_7473-7537_10,AGN_HospJesus_c474_leg267-2_exp024_7473-7537_10_GT.txt,agn_hospjesus,4,Llama 3.3 70B · 12 000 TPM
utblac_eog_j_04_duplicated_02,utblac_eog_j_04_duplicated_02_GT.txt,utblac_eog,4,Llama 3.3 70B · 12 000 TPM
BnF_243_17,BnF_243_17_GT.txt,bnf_243,5,Llama 3.3 70B · 12 000 TPM
AGN_Tierras_v039-2_exp003_72,AGN_Tierras_v039-2_exp003_72_GT.txt,agn_tierras,5,GPT OSS 120B · 8 000 TPM
LoC_HPKraus_138_new_07,LoC_HPKraus_138_new_07_GT.txt,loc_hpkraus,5,Llama 3.3 70B · 12 000 TPM
AGI_GUADALAJARA_230_L2_F_45V-46V_1,AGI_GUADALAJARA_230_L2_F_45V-46V_1_GT.txt,agi_guadalajara,5,GPT OSS 120B · 8 000 TPM
BnF_167_10,BnF_167_10_GT.txt,bnf_167,5,Llama 3.3 70B · 12 000 TPM
utblac_JGI_XXV-05_Tequixquiac_25,utblac_JGI_XXV-05_Tequixquiac_25_GT.txt,utblac_jgi,5,Llama 3.3 70B · 12 000 TPM
AGN_Marina_v004_exp006_005,AGN_Marina_v004_exp006_005_GT.txt,agn_marina,5,GPT OSS 120B · 8 000 TPM
BnF_117_08,BnF_117_08_GT.txt,bnf_117,5,Llama 3.3 70B · 12 000 TPM
utblac_wbs_888_duplicated_1,utblac_wbs_888_duplicated_1_GT.txt,utblac_wbs,5,Llama 3.3 70B · 12 000 TPM
BnF_283_03,BnF_283_03_GT.txt,bnf_283,5,Llama 3.3 70B · 12 000 TPM
BnF_264_12,BnF_264_12_GT.txt,bnf_264,5,Llama 3.3 70B · 12 000 TPM
BnF_116_06,BnF_116_06_GT.txt,bnf_116,5,Llama 3.3 70B · 12 000 TPM
BnF_119-148_13,BnF_119-148_13_GT.txt,bnf_119-148,5,Llama 3.3 70B · 12 000 TPM
BnF_244_05,BnF_244_05_GT.txt,bnf_244,5,Llama 3.3 70B · 12 000 TPM
utblac_wbs_888_duplicated_2,utblac_wbs_888_duplicated_2_GT.txt,utblac_wbs,5,Llama 3.3 70B · 12 000 TPM
BnF_118_06,BnF_118_06_GT.txt,bnf_118,5,Llama 3.3 70B · 12 000 TPM
BnF_244_04,BnF_244_04_GT.txt,bnf_244,5,Llama 3.3 70B · 12 000 TPM
BnF_112_23,BnF_112_23_GT.txt,bnf_112,5,GPT OSS 120B · 8 000 TPM
BnF_030_21,BnF_030_21_GT.txt,bnf_030,5,GPT OSS 120B · 8 000 TPM
AGN_GralParte_v001_exp1020_02,AGN_GralParte_v001_exp1020_02_GT.txt,agn_gralparte,5,Llama 3.3 70B · 12 000 TPM
UIA_Ms149_Exp3_31,UIA_Ms149_Exp3_31_GT.txt,uia_ms149,6,Llama 3.3 70B · 12 000 TPM
BnF_075_014,BnF_075_014_GT.txt,bnf_075,6,GPT OSS 120B · 8 000 TPM
AGI_INDIFERENTE_2065_N45_11,AGI_INDIFERENTE_2065_N45_11_GT.txt,agi_indiferente,6,Llama 3.3 70B · 12 000 TPM
BnF_110_09,BnF_110_09_GT.txt,bnf_110,6,Llama 3.3 70B · 12 000 TPM
BnF_283_05,BnF_283_05_GT.txt,bnf_283,6,Llama 3.3 70B · 12 000 TPM
BnF_111_27,BnF_111_27_GT.txt,bnf_111,6,Llama 3.3 70B · 12 000 TPM
AGN_Indios_v019_exp354_2,AGN_Indios_v019_exp354_2_GT.txt,agn_indios,6,GPT OSS 120B · 8 000 TPM
BnF_110_33,BnF_110_33_GT.txt,bnf_110,6,Llama 3.3 70B · 12 000 TPM
UIA_Ms149_Exp3_04,UIA_Ms149_Exp3_04_GT.txt,uia_ms149,6,Llama 3.3 70B · 12 000 TPM
AGN_Mercedes_v003_exp520,AGN_Mercedes_v003_exp520_GT.txt,agn_mercedes,6,GPT OSS 120B · 8 000 TPM
AGN_RealesCedDup_v016_exp515,AGN_RealesCedDup_v016_exp515_GT.txt,agn_realesceddup,6,Llama 3.3 70B · 12 000 TPM
BnF_244_02,BnF_244_02_GT.txt,bnf_244,6,Llama 3.3 70B · 12 000 TPM
AGN_RealesCedDup_v003_exp334,AGN_RealesCedDup_v003_exp334_GT.txt,agn_realesceddup,6,Llama 3.3 70B · 12 000 TPM
BnF_117_14,BnF_117_14_GT.txt,bnf_117,6,Llama 3.3 70B · 12 000 TPM
BnF_104_3,BnF_104_3_GT.txt,bnf_104,6,Llama 3.3 70B · 12 000 TPM
AMP_AC_v021__doc026_2,AMP_AC_v021__doc026_2_GT.txt,amp_ac,6,Llama 3.3 70B · 12 000 TPM
utblac_gg_mss_g62_duplicated_11,utblac_gg_mss_g62_duplicated_11_GT.txt,utblac_gg,6,Llama 3.3 70B · 12 000 TPM
AGN_RealesCedDup_v030_exp874,AGN_RealesCedDup_v030_exp874_GT.txt,agn_realesceddup,6,GPT OSS 120B · 8 000 TPM
AGI_PATRONATO_182_R3_01,AGI_PATRONATO_182_R3_01_GT.txt,agi_patronato,6,GPT OSS 120B · 8 000 TPM
BnF_118_05,BnF_118_05_GT.txt,bnf_118,6,Llama 3.3 70B · 12 000 TPM
BnF_174_04,BnF_174_04_GT.txt,bnf_174,7,Llama 3.3 70B · 12 000 TPM
BnF_118_03,BnF_118_03_GT.txt,bnf_118,7,Llama 3.3 70B · 12 000 TPM
AGI_PATRONATO_181_R13_1,AGI_PATRONATO_181_R13_1_GT.txt,agi_patronato,7,GPT OSS 120B · 8 000 TPM
AGN_Inquisicion_v1568A_exp152_fs115-116v_04,AGN_Inquisicion_v1568A_exp152_fs115-116v_04_GT.txt,agn_inquisicion,7,Llama 3.3 70B · 12 000 TPM
BnF_113_43,BnF_113_43_GT.txt,bnf_113,7,Llama 3.3 70B · 12 000 TPM
AGN_IndiferenteVirreinal_caja4071_exp024_2,AGN_IndiferenteVirreinal_caja4071_exp024_2_GT.txt,agn_indiferentevirreinal,7,GPT OSS 120B · 8 000 TPM
BnF_110_29,BnF_110_29_GT.txt,bnf_110,7,Llama 3.3 70B · 12 000 TPM
BnF_264_02,BnF_264_02_GT.txt,bnf_264,7,Llama 3.3 70B · 12 000 TPM
AGN_AHHacienda_v268_exp046_02,AGN_AHHacienda_v268_exp046_02_GT.txt,agn_ahhacienda,7,Llama 3.3 70B · 12 000 TPM
AGN_RealesCedDup_v050_exp062,AGN_RealesCedDup_v050_exp062_GT.txt,agn_realesceddup,7,GPT OSS 120B · 8 000 TPM
BnF_112_08,BnF_112_08_GT.txt,bnf_112,7,Llama 3.3 70B · 12 000 TPM
BnF_032_39,BnF_032_39_GT.txt,bnf_032,7,Llama 3.3 70B · 12 000 TPM
AGN_GralParte_v001_exp1020_01,AGN_GralParte_v001_exp1020_01_GT.txt,agn_gralparte,7,Llama 3.3 70B · 12 000 TPM
BnF_113_22,BnF_113_22_GT.txt,bnf_113,7,GPT OSS 120B · 8 000 TPM
AGN_Indios_v002_exp835,AGN_Indios_v002_exp835_GT.txt,agn_indios,7,GPT OSS 120B · 8 000 TPM
BnF_119-148_33,BnF_119-148_33_GT.txt,bnf_119-148,7,Llama 3.3 70B · 12 000 TPM
AGI_PATRONATO_181_R13_2,AGI_PATRONATO_181_R13_2_GT.txt,agi_patronato,7,Llama 3.3 70B · 12 000 TPM
BnF_030_20,BnF_030_20_GT.txt,bnf_030,7,GPT OSS 120B · 8 000 TPM
BnF_111_22,BnF_111_22_GT.txt,bnf_111,7,Llama 3.3 70B · 12 000 TPM
BnF_112_04,BnF_112_04_GT.txt,bnf_112,7,GPT OSS 120B · 8 000 TPM
AGN_HospJesus_c205_exp041_04,AGN_HospJesus_c205_exp041_04_GT.txt,agn_hospjesus,8,Llama 3.3 70B · 12 000 TPM
BnF_113_25,BnF_113_25_GT.txt,bnf_113,8,Llama 3.3 70B · 12 000 TPM
utblac_JGI_XXIV-11_Justlahuaca_57,utblac_JGI_XXIV-11_Justlahuaca_57_GT.txt,utblac_jgi,8,Llama 3.3 70B · 12 000 TPM
utblac_gg_mss_g62_duplicated_09,utblac_gg_mss_g62_duplicated_09_GT.txt,utblac_gg,8,Llama 3.3 70B · 12 000 TPM
BnF_111_20,BnF_111_20_GT.txt,bnf_111,8,GPT OSS 120B · 8 000 TPM
utblac_JGI_XXIII-13_Atlatlauhca_03,utblac_JGI_XXIII-13_Atlatlauhca_03_GT.txt,utblac_jgi,8,Llama 3.3 70B · 12 000 TPM
AGN_Inquisicion_v1570A_exp134_fs159-160v_04,AGN_Inquisicion_v1570A_exp134_fs159-160v_04_GT.txt,agn_inquisicion,8,GPT OSS 120B · 8 000 TPM
BnF_394_10,BnF_394_10_GT.txt,bnf_394,8,Llama 3.3 70B · 12 000 TPM
BnF_111_21,BnF_111_21_GT.txt,bnf_111,8,Llama 3.3 70B · 12 000 TPM
utblac_eog_v_41_orig_03,utblac_eog_v_41_orig_03_GT.txt,utblac_eog,8,Llama 3.3 70B · 12 000 TPM
AGN_Marina_v002_exp024_005,AGN_Marina_v002_exp024_005_GT.txt,agn_marina,8,GPT OSS 120B · 8 000 TPM
AGI_CONTRATACION_1089_N8_176,AGI_CONTRATACION_1089_N8_176_GT.txt,agi_contratacion,8,Llama 3.3 70B · 12 000 TPM
BnF_032_15,BnF_032_15_GT.txt,bnf_032,8,GPT OSS 120B · 8 000 TPM
BnF_394_05,BnF_394_05_GT.txt,bnf_394,8,Llama 3.3 70B · 12 000 TPM
BnF_119-148_16,BnF_119-148_16_GT.txt,bnf_119-148,8,Llama 3.3 70B · 12 000 TPM
AGS_CE_RG_L379_05,AGS_CE_RG_L379_05_GT.txt,ags_ce,8,Llama 3.3 70B · 12 000 TPM
BnF_117_15,BnF_117_15_GT.txt,bnf_117,8,Llama 3.3 70B · 12 000 TPM
utblac_gg_mss_g62_duplicated_03,utblac_gg_mss_g62_duplicated_03_GT.txt,utblac_gg,8,Llama 3.3 70B · 12 000 TPM
AGN_Tierras_v039-2_exp003_41,AGN_Tierras_v039-2_exp003_41_GT.txt,agn_tierras,8,Llama 3.3 70B · 12 000 TPM
BnF_266_10,BnF_266_10_GT.txt,bnf_266,8,Llama 3.3 70B · 12 000 TPM
utblac_wbs_1433_duplicated_1,utblac_wbs_1433_duplicated_1_GT.txt,utblac_wbs,9,Llama 3.3 70B · 12 000 TPM
LoC_HPKraus_138_new_14,LoC_HPKraus_138_new_14_GT.txt,loc_hpkraus,9,Llama 3.3 70B · 12 000 TPM
BnF_243_16,BnF_243_16_GT.txt,bnf_243,9,Llama 3.3 70B · 12 000 TPM
BNE_ms3047_1,BNE_ms3047_1_GT.txt,bne_ms3047,9,GPT OSS 120B · 8 000 TPM
AGS_CE_RG_L379_04,AGS_CE_RG_L379_04_GT.txt,ags_ce,9,Llama 3.3 70B · 12 000 TPM
AGN_GralParte_v006_exp617_02,AGN_GralParte_v006_exp617_02_GT.txt,agn_gralparte,9,Llama 3.3 70B · 12 000 TPM
AGI_INDIFERENTE_1529_N8_06,AGI_INDIFERENTE_1529_N8_06_GT.txt,agi_indiferente,9,Llama 3.3 70B · 12 000 TPM
AGI_INDIFERENTE_2065_N45_09,AGI_INDIFERENTE_2065_N45_09_GT.txt,agi_indiferente,9,GPT OSS 120B · 8 000 TPM
BnF_118_02,BnF_118_02_GT.txt,bnf_118,9,Llama 3.3 70B · 12 000 TPM
BnF_394_07,BnF_394_07_GT.txt,bnf_394,9,Llama 3.3 70B · 12 000 TPM
AGN_GralParte_v006_exp617_01,AGN_GralParte_v006_exp617_01_GT.txt,agn_gralparte,9,GPT OSS 120B · 8 000 TPM
BnF_266_03,BnF_266_03_GT.txt,bnf_266,9,Llama 3.3 70B · 12 000 TPM
AGN_HospJesus_c474_leg267-2_exp024_7473-7537_05,AGN_HospJesus_c474_leg267-2_exp024_7473-7537_05_GT.txt,agn_hospjesus,9,Llama 3.3 70B · 12 000 TPM
AGN_Inquisicion_v1568A_exp152_fs115-116v_01,AGN_Inquisicion_v1568A_exp152_fs115-116v_01_GT.txt,agn_inquisicion,9,Llama 3.3 70B · 12 000 TPM
AMP_AC_v021__doc026_1,AMP_AC_v021__doc026_1_GT.txt,amp_ac,9,GPT OSS 120B · 8 000 TPM
BP_CM_32386_007_2,BP_CM_32386_007_2_GT.txt,bp_cm,9,Llama 3.3 70B · 12 000 TPM
BnF_030_27,BnF_030_27_GT.txt,bnf_030,9,GPT OSS 120B · 8 000 TPM
AGI_INDIFERENTE_1529_N36_07,AGI_INDIFERENTE_1529_N36_07_GT.txt,agi_indiferente,9,Llama 3.3 70B · 12 000 TPM
AGN_IndiferenteVirreinal_caja4071_exp024_1,AGN_IndiferenteVirreinal_caja4071_exp024_1_GT.txt,agn_indiferentevirreinal,9,Llama 3.3 70B · 12 000 TPM
utblac_JGI_XXIII-09_Amula_25,utblac_JGI_XXIII-09_Amula_25_GT.txt,utblac_jgi,9,Llama 3.3 70B · 12 000 TPM
