filename_stem,modernised_text_available,n_modernised_tokens,n_modernised_characters,n_modernised_characters_without_whitespace,n_modernised_lines,pre_modernisation_text_available,n_pre_modernisation_tokens,n_pre_modernisation_characters,n_pre_modernisation_characters_without_whitespace,n_pre_modernisation_lines,token_count_method,feature_status,token_count_change,character_count_change,token_count_change_pct,character_count_change_pct
AGI_CONTRATACION_1091_N3_098,True,180,853,663,35,True,180,858,667,35,unicode_word_regex_with_internal_apostrophes_and_hyphens,complete,0,-5,0.0,-0.5827505827505828
AGI_PATRONATO_182_R3_03,True,248,1381,1134,1,True,247,1316,1043,32,unicode_word_regex_with_internal_apostrophes_and_hyphens,complete,1,65,0.4048582995951417,4.939209726443769
AGN_AHHacienda_v1292_exp135,True,411,1926,1508,19,True,536,2494,1941,45,unicode_word_regex_with_internal_apostrophes_and_hyphens,complete,-125,-568,-23.32089552238806,-22.77465918203689
AGN_Congregaciones_v001_exp076,True,374,2085,1713,1,True,397,2074,1660,48,unicode_word_regex_with_internal_apostrophes_and_hyphens,complete,-23,11,-5.793450881612091,0.5303760848601736
AGN_IndiferenteVirreinal_caja4156_exp025,True,128,719,592,1,True,129,708,570,11,unicode_word_regex_with_internal_apostrophes_and_hyphens,complete,-1,11,-0.7751937984496124,1.5536723163841808
AGN_Inquisicion_v1568A_exp152_fs115-116v_03,True,223,1261,1039,1,True,235,1279,1036,27,unicode_word_regex_with_internal_apostrophes_and_hyphens,complete,-12,-18,-5.106382978723404,-1.4073494917904612
AGN_Marina_v004_exp006_014,True,70,386,322,1,True,71,385,314,16,unicode_word_regex_with_internal_apostrophes_and_hyphens,complete,-1,1,-1.4084507042253522,0.2597402597402597
AGS_CE_RG_L379_01,True,83,484,400,12,True,85,463,374,16,unicode_word_regex_with_internal_apostrophes_and_hyphens,complete,-2,21,-2.3529411764705883,4.535637149028078
BNE_ms3047_3,True,462,2625,2164,1,True,469,2566,2068,39,unicode_word_regex_with_internal_apostrophes_and_hyphens,complete,-7,59,-1.4925373134328357,2.2992985190958692
BNE_ms3047_4,True,485,2812,2280,28,True,487,2744,2213,37,unicode_word_regex_with_internal_apostrophes_and_hyphens,complete,-2,68,-0.41067761806981523,2.478134110787172
BP_CM_R481_071_3,True,47,272,226,1,True,51,246,194,7,unicode_word_regex_with_internal_apostrophes_and_hyphens,complete,-4,26,-7.8431372549019605,10.569105691056912
BP_CM_R494_156_2,True,366,1981,1616,1,True,373,1957,1580,32,unicode_word_regex_with_internal_apostrophes_and_hyphens,complete,-7,24,-1.876675603217158,1.2263668880940215
BnF_167_03,True,440,2363,1924,1,True,444,2363,1916,37,unicode_word_regex_with_internal_apostrophes_and_hyphens,complete,-4,0,-0.9009009009009009,0.0
BnF_167_04,True,458,2510,2053,1,True,462,2484,2023,38,unicode_word_regex_with_internal_apostrophes_and_hyphens,complete,-4,26,-0.8658008658008658,1.0466988727858293
BnF_174_02,True,306,1810,1505,1,True,314,1804,1490,32,unicode_word_regex_with_internal_apostrophes_and_hyphens,complete,-8,6,-2.547770700636943,0.3325942350332594
BnF_174_06,True,641,3523,2883,1,True,670,3573,2901,67,unicode_word_regex_with_internal_apostrophes_and_hyphens,complete,-29,-50,-4.328358208955224,-1.3993842709207949
BnF_283_12,True,553,3217,2665,1,True,571,3151,2574,53,unicode_word_regex_with_internal_apostrophes_and_hyphens,complete,-18,66,-3.1523642732049035,2.0945731513805144
UIA_Ms149_Exp3_08,True,296,1731,1436,1,True,305,1694,1372,29,unicode_word_regex_with_internal_apostrophes_and_hyphens,complete,-9,37,-2.9508196721311477,2.1841794569067297
utblac_eog_v_41_orig_10,True,15,70,56,1,True,14,70,55,2,unicode_word_regex_with_internal_apostrophes_and_hyphens,complete,1,0,7.142857142857142,0.0
utblac_eog_wbs_procesal_sample_01_10,True,191,1059,869,1,True,201,1057,854,33,unicode_word_regex_with_internal_apostrophes_and_hyphens,complete,-10,2,-4.975124378109453,0.1892147587511826
AGI_CONTRATACION_1089_N8_151,True,304,1438,1135,1,True,309,1457,1140,37,unicode_word_regex_with_internal_apostrophes_and_hyphens,complete,-5,-19,-1.6181229773462782,-1.3040494166094716
AGI_PATRONATO_182_R3_04,True,223,1202,968,31,True,223,1229,981,30,unicode_word_regex_with_internal_apostrophes_and_hyphens,complete,0,-27,0.0,-2.196908055329536
AGN_HospJesus_c474_leg267-2_exp024_7473-7537_02,True,317,1832,1516,1,True,322,1816,1493,31,unicode_word_regex_with_internal_apostrophes_and_hyphens,complete,-5,16,-1.5527950310559007,0.881057268722467
AGN_Marina_v031A_exp02_fs85-92_15,True,31,184,153,1,True,32,188,154,7,unicode_word_regex_with_internal_apostrophes_and_hyphens,complete,-1,-4,-3.125,-2.127659574468085
AGN_Tierras_v2963_exp059_24,True,122,664,543,1,True,128,672,543,23,unicode_word_regex_with_internal_apostrophes_and_hyphens,complete,-6,-8,-4.6875,-1.1904761904761905
BnF_030_22,True,383,2145,1763,1,True,396,2083,1675,35,unicode_word_regex_with_internal_apostrophes_and_hyphens,complete,-13,62,-3.2828282828282833,2.9764762361977914
BnF_032_36,True,303,1507,1201,32,True,303,1507,1200,32,unicode_word_regex_with_internal_apostrophes_and_hyphens,complete,0,0,0.0,0.0
BnF_104_2,True,328,1612,1285,1,True,331,1601,1270,27,unicode_word_regex_with_internal_apostrophes_and_hyphens,complete,-3,11,-0.906344410876133,0.6870705808869456
BnF_112_25,True,269,1434,1151,32,True,268,1428,1148,31,unicode_word_regex_with_internal_apostrophes_and_hyphens,complete,1,6,0.3731343283582089,0.42016806722689076
BnF_113_04,True,310,1548,1231,26,True,311,1517,1200,28,unicode_word_regex_with_internal_apostrophes_and_hyphens,complete,-1,31,-0.3215434083601286,2.0435069215557022
BnF_116_02,True,273,1561,1283,15,True,286,1588,1267,36,unicode_word_regex_with_internal_apostrophes_and_hyphens,complete,-13,-27,-4.545454545454546,-1.700251889168766
BnF_117_13,True,148,854,707,1,True,158,781,618,26,unicode_word_regex_with_internal_apostrophes_and_hyphens,complete,-10,73,-6.329113924050633,9.346991037131883
BnF_167_25,True,389,2193,1805,1,True,394,2158,1762,34,unicode_word_regex_with_internal_apostrophes_and_hyphens,complete,-5,35,-1.2690355329949239,1.6218721037998145
BnF_266_07,True,923,5019,4096,3,True,949,4885,3923,79,unicode_word_regex_with_internal_apostrophes_and_hyphens,complete,-26,134,-2.73972602739726,2.7430910951893552
BnF_267_03,True,227,1015,761,1,True,238,1043,757,78,unicode_word_regex_with_internal_apostrophes_and_hyphens,complete,-11,-28,-4.621848739495799,-2.684563758389262
BnF_267_23,True,226,1053,803,1,True,225,1054,803,73,unicode_word_regex_with_internal_apostrophes_and_hyphens,complete,1,-1,0.4444444444444444,-0.09487666034155598
LoC_HPKraus_146_new_13,True,148,839,692,1,True,159,820,661,25,unicode_word_regex_with_internal_apostrophes_and_hyphens,complete,-11,19,-6.918238993710692,2.317073170731707
UIA_Ms149_Exp3_43,True,297,1738,1442,1,True,304,1682,1362,28,unicode_word_regex_with_internal_apostrophes_and_hyphens,complete,-7,56,-2.302631578947368,3.329369797859691
utblac_gg_mss_g62_duplicated_15,True,152,782,631,1,True,158,797,624,25,unicode_word_regex_with_internal_apostrophes_and_hyphens,complete,-6,-15,-3.79746835443038,-1.8820577164366372
utblac_wbs_0886_duplicated_2,True,30,147,118,1,True,30,139,109,6,unicode_word_regex_with_internal_apostrophes_and_hyphens,complete,0,8,0.0,5.755395683453238
AGI_CONTRATACION_1183_N8_78,True,137,743,607,34,True,137,751,614,34,unicode_word_regex_with_internal_apostrophes_and_hyphens,complete,0,-8,0.0,-1.0652463382157125
AGI_GUADALAJARA_230_L2_F_45V-46V_2,True,122,666,537,21,True,198,1043,816,29,unicode_word_regex_with_internal_apostrophes_and_hyphens,complete,-76,-377,-38.38383838383838,-36.145733461169705
AGN_AHHacienda_v268_exp046_01,True,172,811,638,18,True,171,806,633,20,unicode_word_regex_with_internal_apostrophes_and_hyphens,complete,1,5,0.5847953216374269,0.620347394540943
AGN_Inquisicion_v1570A_exp134_fs159-160v_02,True,113,618,506,1,True,118,602,484,18,unicode_word_regex_with_internal_apostrophes_and_hyphens,complete,-5,16,-4.23728813559322,2.6578073089700998
AGN_Marina_v031A_exp02_fs85-92_11,True,122,753,632,1,True,127,743,616,24,unicode_word_regex_with_internal_apostrophes_and_hyphens,complete,-5,10,-3.937007874015748,1.3458950201884252
BP_CM_R481_071_2,True,301,1612,1312,1,True,304,1493,1186,35,unicode_word_regex_with_internal_apostrophes_and_hyphens,complete,-3,119,-0.9868421052631579,7.970529135967849
BnF_032_33,True,354,1847,1494,1,True,363,1688,1322,34,unicode_word_regex_with_internal_apostrophes_and_hyphens,complete,-9,159,-2.479338842975207,9.419431279620854
BnF_075_003,True,289,1551,1263,1,True,298,1423,1121,35,unicode_word_regex_with_internal_apostrophes_and_hyphens,complete,-9,128,-3.0201342281879198,8.995080815179199
BnF_110_13,True,289,1601,1315,1,True,291,1575,1268,31,unicode_word_regex_with_internal_apostrophes_and_hyphens,complete,-2,26,-0.6872852233676976,1.650793650793651
BnF_116_07,True,217,1274,1058,1,True,231,1342,1066,34,unicode_word_regex_with_internal_apostrophes_and_hyphens,complete,-14,-68,-6.0606060606060606,-5.067064083457526
BnF_116_08,True,43,223,181,1,True,46,236,181,5,unicode_word_regex_with_internal_apostrophes_and_hyphens,complete,-3,-13,-6.521739130434782,-5.508474576271186
BnF_119-148_24,True,284,1557,1274,1,True,291,1548,1253,24,unicode_word_regex_with_internal_apostrophes_and_hyphens,complete,-7,9,-2.405498281786942,0.5813953488372093
BnF_167_29,True,285,1514,1229,1,True,292,1537,1241,27,unicode_word_regex_with_internal_apostrophes_and_hyphens,complete,-7,-23,-2.3972602739726026,-1.4964216005204944
BnF_174_05,True,663,3625,2963,1,True,692,3717,3022,75,unicode_word_regex_with_internal_apostrophes_and_hyphens,complete,-29,-92,-4.190751445086705,-2.4751143395211193
BnF_243_18,True,456,2865,2410,1,True,471,2837,2358,57,unicode_word_regex_with_internal_apostrophes_and_hyphens,complete,-15,28,-3.1847133757961785,0.986958054282693
BnF_264_03,True,955,5317,4359,1,True,1006,5362,4353,110,unicode_word_regex_with_internal_apostrophes_and_hyphens,complete,-51,-45,-5.069582504970179,-0.8392390898918314
BnF_266_05,True,884,4726,3901,1,True,857,4460,3593,74,unicode_word_regex_with_internal_apostrophes_and_hyphens,complete,27,266,3.150525087514586,5.9641255605381165
BnF_266_06,True,822,4558,3737,1,True,860,4507,3630,81,unicode_word_regex_with_internal_apostrophes_and_hyphens,complete,-38,51,-4.4186046511627906,1.1315731084978922
BnF_267_15,True,232,1356,1101,1,True,219,987,743,70,unicode_word_regex_with_internal_apostrophes_and_hyphens,complete,13,369,5.93607305936073,37.38601823708207
Mechoacan_Yurirapundaro_1,True,321,2031,1711,1,True,326,2014,1684,42,unicode_word_regex_with_internal_apostrophes_and_hyphens,complete,-5,17,-1.5337423312883436,0.8440913604766633
AGN_AHHacienda_v268_exp046_03,True,181,938,758,1,True,184,889,701,21,unicode_word_regex_with_internal_apostrophes_and_hyphens,complete,-3,49,-1.6304347826086956,5.511811023622047
AGN_HospJesus_c474_leg267-2_exp024_7473-7537_10,True,285,1623,1339,1,True,296,1648,1349,29,unicode_word_regex_with_internal_apostrophes_and_hyphens,complete,-11,-25,-3.7162162162162162,-1.516990291262136
AGN_Indios_v009_exp002_fs3v-4_01,True,252,1412,1161,1,True,265,1358,1089,42,unicode_word_regex_with_internal_apostrophes_and_hyphens,complete,-13,54,-4.905660377358491,3.9764359351988214
AGN_Indios_v009_exp003_fs4v-5_01,True,272,1450,1179,1,True,285,1453,1168,39,unicode_word_regex_with_internal_apostrophes_and_hyphens,complete,-13,-3,-4.56140350877193,-0.20646937370956642
AGS_CE_RG_L379_02,True,190,1119,930,1,True,197,1084,885,35,unicode_word_regex_with_internal_apostrophes_and_hyphens,complete,-7,35,-3.5532994923857872,3.2287822878228782
BP_CM_R481_016,True,108,593,486,1,True,101,492,390,15,unicode_word_regex_with_internal_apostrophes_and_hyphens,complete,7,101,6.9306930693069315,20.528455284552845
BnF_032_23,True,648,3303,2656,1,True,683,3208,2518,49,unicode_word_regex_with_internal_apostrophes_and_hyphens,complete,-35,95,-5.124450951683748,2.961346633416459
BnF_075_026,True,202,1094,893,1,True,198,1038,834,27,unicode_word_regex_with_internal_apostrophes_and_hyphens,complete,4,56,2.0202020202020203,5.394990366088632
BnF_075_035,True,219,1223,1005,1,True,217,1161,933,28,unicode_word_regex_with_internal_apostrophes_and_hyphens,complete,2,62,0.9216589861751152,5.340223944875108
BnF_112_02,True,290,1542,1247,38,True,295,1565,1260,41,unicode_word_regex_with_internal_apostrophes_and_hyphens,complete,-5,-23,-1.694915254237288,-1.4696485623003195
BnF_117_03,True,287,1485,1200,1,True,287,1421,1134,31,unicode_word_regex_with_internal_apostrophes_and_hyphens,complete,0,64,0.0,4.50387051372273
BnF_118_08,True,268,1381,1113,1,True,263,1304,1038,27,unicode_word_regex_with_internal_apostrophes_and_hyphens,complete,5,77,1.9011406844106464,5.904907975460123
BnF_119-148_18,True,158,899,742,1,True,165,889,723,14,unicode_word_regex_with_internal_apostrophes_and_hyphens,complete,-7,10,-4.242424242424243,1.124859392575928
BnF_174_03,True,701,3777,3077,1,True,724,3807,3081,65,unicode_word_regex_with_internal_apostrophes_and_hyphens,complete,-23,-30,-3.1767955801104977,-0.7880220646178092
BnF_243_12,True,77,477,399,1,True,80,451,368,8,unicode_word_regex_with_internal_apostrophes_and_hyphens,complete,-3,26,-3.75,5.764966740576496
BnF_244_03,True,283,1493,1211,1,True,292,1510,1210,51,unicode_word_regex_with_internal_apostrophes_and_hyphens,complete,-9,-17,-3.0821917808219177,-1.1258278145695364
Mechoacan_Yurirapundaro_2,True,54,322,269,1,True,57,325,268,8,unicode_word_regex_with_internal_apostrophes_and_hyphens,complete,-3,-3,-5.263157894736842,-0.9230769230769231
UIA_Ms149_Exp2_51,True,391,2285,1895,1,True,394,2260,1835,44,unicode_word_regex_with_internal_apostrophes_and_hyphens,complete,-3,25,-0.7614213197969544,1.1061946902654867
utblac_eog_j_04_duplicated_02,True,57,306,250,1,True,62,309,247,14,unicode_word_regex_with_internal_apostrophes_and_hyphens,complete,-5,-3,-8.064516129032258,-0.9708737864077669
utblac_wbs_0912a_duplicated,True,358,2057,1700,1,True,364,2037,1669,22,unicode_word_regex_with_internal_apostrophes_and_hyphens,complete,-6,20,-1.6483516483516485,0.9818360333824251
AGI_GUADALAJARA_230_L2_F_45V-46V_1,True,223,1114,885,26,True,226,1091,855,29,unicode_word_regex_with_internal_apostrophes_and_hyphens,complete,-3,23,-1.3274336283185841,2.1081576535288726
AGN_GralParte_v001_exp1020_02,True,38,197,160,1,True,42,189,147,3,unicode_word_regex_with_internal_apostrophes_and_hyphens,complete,-4,8,-9.523809523809524,4.232804232804233
AGN_Marina_v004_exp006_005,True,87,463,376,19,True,86,464,376,19,unicode_word_regex_with_internal_apostrophes_and_hyphens,complete,1,-1,1.1627906976744187,-0.21551724137931033
AGN_Tierras_v039-2_exp003_72,True,177,875,698,31,True,182,902,719,31,unicode_word_regex_with_internal_apostrophes_and_hyphens,complete,-5,-27,-2.7472527472527473,-2.9933481152993346
BnF_030_21,True,453,2404,1944,9,True,459,2400,1921,36,unicode_word_regex_with_internal_apostrophes_and_hyphens,complete,-6,4,-1.3071895424836601,0.16666666666666669
BnF_112_23,True,390,1979,1583,46,True,391,1985,1582,45,unicode_word_regex_with_internal_apostrophes_and_hyphens,complete,-1,-6,-0.2557544757033248,-0.30226700251889166
BnF_116_06,True,133,832,700,1,True,145,853,703,24,unicode_word_regex_with_internal_apostrophes_and_hyphens,complete,-12,-21,-8.275862068965518,-2.4618991793669402
BnF_117_08,True,273,1554,1282,1,True,272,1448,1132,33,unicode_word_regex_with_internal_apostrophes_and_hyphens,complete,1,106,0.3676470588235294,7.320441988950275
BnF_118_06,True,279,1455,1177,1,True,282,1413,1126,32,unicode_word_regex_with_internal_apostrophes_and_hyphens,complete,-3,42,-1.0638297872340425,2.9723991507431
BnF_119-148_13,True,279,1478,1200,1,True,285,1415,1126,16,unicode_word_regex_with_internal_apostrophes_and_hyphens,complete,-6,63,-2.1052631578947367,4.452296819787986
BnF_167_10,True,437,2551,2115,1,True,443,2513,2068,39,unicode_word_regex_with_internal_apostrophes_and_hyphens,complete,-6,38,-1.3544018058690745,1.5121368881814563
BnF_243_17,True,400,2161,1762,1,True,416,2157,1736,41,unicode_word_regex_with_internal_apostrophes_and_hyphens,complete,-16,4,-3.8461538461538463,0.18544274455261936
BnF_244_04,True,291,1548,1258,1,True,303,1579,1273,50,unicode_word_regex_with_internal_apostrophes_and_hyphens,complete,-12,-31,-3.9603960396039604,-1.9632678910702976
BnF_244_05,True,280,1508,1229,1,True,294,1541,1244,50,unicode_word_regex_with_internal_apostrophes_and_hyphens,complete,-14,-33,-4.761904761904762,-2.1414665801427644
BnF_264_12,True,819,4550,3732,1,True,1007,5378,4294,133,unicode_word_regex_with_internal_apostrophes_and_hyphens,complete,-188,-828,-18.669314796425024,-15.396058014131647
BnF_283_03,True,460,2671,2212,1,True,471,2628,2157,43,unicode_word_regex_with_internal_apostrophes_and_hyphens,complete,-11,43,-2.335456475583864,1.6362252663622525
LoC_HPKraus_138_new_07,True,295,1572,1278,1,True,310,1592,1279,39,unicode_word_regex_with_internal_apostrophes_and_hyphens,complete,-15,-20,-4.838709677419355,-1.256281407035176
utblac_JGI_XXV-05_Tequixquiac_25,True,298,1661,1364,1,True,303,1619,1314,36,unicode_word_regex_with_internal_apostrophes_and_hyphens,complete,-5,42,-1.65016501650165,2.5941939468807904
utblac_wbs_888_duplicated_1,True,288,1540,1253,1,True,287,1532,1228,19,unicode_word_regex_with_internal_apostrophes_and_hyphens,complete,1,8,0.34843205574912894,0.5221932114882507
utblac_wbs_888_duplicated_2,True,17,97,81,1,True,18,96,76,5,unicode_word_regex_with_internal_apostrophes_and_hyphens,complete,-1,1,-5.555555555555555,1.0416666666666665
AGI_INDIFERENTE_2065_N45_11,True,169,903,735,1,True,175,883,707,32,unicode_word_regex_with_internal_apostrophes_and_hyphens,complete,-6,20,-3.428571428571429,2.2650056625141564
AGI_PATRONATO_182_R3_01,True,293,1583,1264,36,True,293,1600,1280,34,unicode_word_regex_with_internal_apostrophes_and_hyphens,complete,0,-17,0.0,-1.0625
AGN_Indios_v019_exp354_2,True,559,2941,2379,31,True,559,2900,2332,61,unicode_word_regex_with_internal_apostrophes_and_hyphens,complete,0,41,0.0,1.4137931034482758
AGN_Mercedes_v003_exp520,True,455,2220,1765,49,True,444,2191,1732,49,unicode_word_regex_with_internal_apostrophes_and_hyphens,complete,11,29,2.4774774774774775,1.323596531264263
AGN_RealesCedDup_v003_exp334,True,338,1844,1507,1,True,361,1800,1421,56,unicode_word_regex_with_internal_apostrophes_and_hyphens,complete,-23,44,-6.3711911357340725,2.4444444444444446
AGN_RealesCedDup_v016_exp515,True,316,1796,1481,1,True,318,1667,1331,45,unicode_word_regex_with_internal_apostrophes_and_hyphens,complete,-2,129,-0.628930817610063,7.738452309538093
AGN_RealesCedDup_v030_exp874,True,644,3320,2654,30,True,657,3280,2592,42,unicode_word_regex_with_internal_apostrophes_and_hyphens,complete,-13,40,-1.97869101978691,1.2195121951219512
AMP_AC_v021__doc026_2,True,112,616,505,1,True,112,558,445,13,unicode_word_regex_with_internal_apostrophes_and_hyphens,complete,0,58,0.0,10.39426523297491
BnF_075_014,True,383,1954,1568,7,True,380,1927,1540,45,unicode_word_regex_with_internal_apostrophes_and_hyphens,complete,3,27,0.7894736842105263,1.401141670991178
BnF_104_3,True,245,1371,1127,1,True,250,1287,1036,24,unicode_word_regex_with_internal_apostrophes_and_hyphens,complete,-5,84,-2.0,6.526806526806526
BnF_110_09,True,369,1974,1606,1,True,362,1839,1466,40,unicode_word_regex_with_internal_apostrophes_and_hyphens,complete,7,135,1.9337016574585635,7.3409461663947795
BnF_110_33,True,131,650,520,1,True,134,640,504,18,unicode_word_regex_with_internal_apostrophes_and_hyphens,complete,-3,10,-2.2388059701492535,1.5625
BnF_111_27,True,570,2900,2331,1,True,592,2720,2121,70,unicode_word_regex_with_internal_apostrophes_and_hyphens,complete,-22,180,-3.7162162162162162,6.61764705882353
BnF_117_14,True,334,1822,1490,1,True,332,1739,1398,35,unicode_word_regex_with_internal_apostrophes_and_hyphens,complete,2,83,0.6024096385542169,4.772857964347326
BnF_118_05,True,245,1314,1070,1,True,245,1215,965,16,unicode_word_regex_with_internal_apostrophes_and_hyphens,complete,0,99,0.0,8.148148148148149
BnF_244_02,True,146,793,645,1,True,156,816,656,24,unicode_word_regex_with_internal_apostrophes_and_hyphens,complete,-10,-23,-6.41025641025641,-2.8186274509803924
BnF_283_05,True,564,3210,2648,1,True,576,3138,2560,52,unicode_word_regex_with_internal_apostrophes_and_hyphens,complete,-12,72,-2.083333333333333,2.294455066921606
UIA_Ms149_Exp3_04,True,285,1662,1378,1,True,296,1647,1339,28,unicode_word_regex_with_internal_apostrophes_and_hyphens,complete,-11,15,-3.7162162162162162,0.9107468123861567
UIA_Ms149_Exp3_31,True,282,1630,1349,1,True,292,1625,1318,27,unicode_word_regex_with_internal_apostrophes_and_hyphens,complete,-10,5,-3.4246575342465753,0.3076923076923077
utblac_gg_mss_g62_duplicated_11,True,175,924,745,1,True,180,932,732,30,unicode_word_regex_with_internal_apostrophes_and_hyphens,complete,-5,-8,-2.7777777777777777,-0.8583690987124464
AGI_PATRONATO_181_R13_1,True,329,1782,1431,31,True,335,1777,1422,33,unicode_word_regex_with_internal_apostrophes_and_hyphens,complete,-6,5,-1.791044776119403,0.28137310073157007
AGI_PATRONATO_181_R13_2,True,312,1782,1471,1,True,325,1751,1418,35,unicode_word_regex_with_internal_apostrophes_and_hyphens,complete,-13,31,-4.0,1.770416904625928
AGN_AHHacienda_v268_exp046_02,True,245,1276,1032,1,True,248,1191,938,24,unicode_word_regex_with_internal_apostrophes_and_hyphens,complete,-3,85,-1.2096774193548387,7.136859781696053
AGN_GralParte_v001_exp1020_01,True,338,1833,1496,1,True,348,1768,1419,35,unicode_word_regex_with_internal_apostrophes_and_hyphens,complete,-10,65,-2.8735632183908044,3.6764705882352944
AGN_IndiferenteVirreinal_caja4071_exp024_2,True,137,718,572,14,True,137,723,576,14,unicode_word_regex_with_internal_apostrophes_and_hyphens,complete,0,-5,0.0,-0.6915629322268326
AGN_Indios_v002_exp835,True,414,2166,1750,21,True,601,3072,2447,74,unicode_word_regex_with_internal_apostrophes_and_hyphens,complete,-187,-906,-31.114808652246257,-29.4921875
AGN_Inquisicion_v1568A_exp152_fs115-116v_04,True,40,175,136,1,True,40,177,137,4,unicode_word_regex_with_internal_apostrophes_and_hyphens,complete,0,-2,0.0,-1.1299435028248588
AGN_RealesCedDup_v050_exp062,True,262,1277,999,28,True,262,1283,994,27,unicode_word_regex_with_internal_apostrophes_and_hyphens,complete,0,-6,0.0,-0.46765393608729544
BnF_030_20,True,71,362,291,11,True,71,364,288,12,unicode_word_regex_with_internal_apostrophes_and_hyphens,complete,0,-2,0.0,-0.5494505494505495
BnF_032_39,True,242,1304,1063,1,True,248,1215,962,32,unicode_word_regex_with_internal_apostrophes_and_hyphens,complete,-6,89,-2.4193548387096775,7.325102880658436
BnF_110_29,True,100,536,437,1,True,102,536,427,17,unicode_word_regex_with_internal_apostrophes_and_hyphens,complete,-2,0,-1.9607843137254901,0.0
BnF_111_22,True,569,2869,2301,1,True,572,2664,2090,62,unicode_word_regex_with_internal_apostrophes_and_hyphens,complete,-3,205,-0.5244755244755245,7.695195195195195
BnF_112_04,True,277,1473,1166,39,True,277,1478,1170,39,unicode_word_regex_with_internal_apostrophes_and_hyphens,complete,0,-5,0.0,-0.3382949932341001
BnF_112_08,True,309,1624,1316,1,True,309,1503,1194,36,unicode_word_regex_with_internal_apostrophes_and_hyphens,complete,0,121,0.0,8.050565535595476
BnF_113_22,True,350,1816,1458,46,True,351,1813,1455,43,unicode_word_regex_with_internal_apostrophes_and_hyphens,complete,-1,3,-0.2849002849002849,0.1654715940430226
BnF_113_43,True,176,978,803,1,True,182,910,727,22,unicode_word_regex_with_internal_apostrophes_and_hyphens,complete,-6,68,-3.296703296703297,7.472527472527473
BnF_118_03,True,318,1863,1547,1,True,327,1851,1518,69,unicode_word_regex_with_internal_apostrophes_and_hyphens,complete,-9,12,-2.7522935779816518,0.6482982171799028
BnF_119-148_33,True,558,3121,2564,1,True,559,2996,2447,35,unicode_word_regex_with_internal_apostrophes_and_hyphens,complete,-1,125,-0.17889087656529518,4.172229639519359
BnF_174_04,True,636,3587,2952,1,True,662,3548,2881,65,unicode_word_regex_with_internal_apostrophes_and_hyphens,complete,-26,39,-3.927492447129909,1.0992108229988726
BnF_264_02,True,445,2485,2041,1,True,464,2454,1987,45,unicode_word_regex_with_internal_apostrophes_and_hyphens,complete,-19,31,-4.094827586206897,1.263243683781581
AGI_CONTRATACION_1089_N8_176,True,206,1148,943,1,True,232,1128,890,44,unicode_word_regex_with_internal_apostrophes_and_hyphens,complete,-26,20,-11.206896551724139,1.773049645390071
AGN_HospJesus_c205_exp041_04,True,142,744,603,1,True,147,704,554,18,unicode_word_regex_with_internal_apostrophes_and_hyphens,complete,-5,40,-3.4013605442176873,5.681818181818182
AGN_Inquisicion_v1570A_exp134_fs159-160v_04,True,10,53,44,3,True,10,53,43,3,unicode_word_regex_with_internal_apostrophes_and_hyphens,complete,0,0,0.0,0.0
AGN_Marina_v002_exp024_005,True,110,644,527,21,True,109,571,456,22,unicode_word_regex_with_internal_apostrophes_and_hyphens,complete,1,73,0.9174311926605505,12.784588441331
AGN_Tierras_v039-2_exp003_41,True,184,1003,820,1,True,195,1018,820,32,unicode_word_regex_with_internal_apostrophes_and_hyphens,complete,-11,-15,-5.641025641025641,-1.4734774066797642
AGS_CE_RG_L379_05,True,189,1062,874,1,True,199,1071,866,37,unicode_word_regex_with_internal_apostrophes_and_hyphens,complete,-10,-9,-5.025125628140704,-0.8403361344537815
BnF_032_15,True,12,59,48,3,True,12,61,48,3,unicode_word_regex_with_internal_apostrophes_and_hyphens,complete,0,-2,0.0,-3.278688524590164
BnF_111_20,True,459,2333,1868,59,True,462,2335,1867,58,unicode_word_regex_with_internal_apostrophes_and_hyphens,complete,-3,-2,-0.6493506493506493,-0.08565310492505353
BnF_111_21,True,494,2684,2191,1,True,508,2507,1997,67,unicode_word_regex_with_internal_apostrophes_and_hyphens,complete,-14,177,-2.7559055118110236,7.060231352213801
BnF_113_25,True,598,2916,2319,1,True,587,2691,2095,61,unicode_word_regex_with_internal_apostrophes_and_hyphens,complete,11,225,1.8739352640545146,8.361204013377927
BnF_117_15,True,136,728,593,1,True,139,676,531,18,unicode_word_regex_with_internal_apostrophes_and_hyphens,complete,-3,52,-2.158273381294964,7.6923076923076925
BnF_119-148_16,True,223,1291,1069,1,True,233,1293,1058,18,unicode_word_regex_with_internal_apostrophes_and_hyphens,complete,-10,-2,-4.291845493562231,-0.15467904098994587
BnF_266_10,True,800,4361,3562,1,True,830,4324,3468,81,unicode_word_regex_with_internal_apostrophes_and_hyphens,complete,-30,37,-3.614457831325301,0.8556891766882516
BnF_394_05,True,29,157,129,1,True,30,142,111,4,unicode_word_regex_with_internal_apostrophes_and_hyphens,complete,-1,15,-3.3333333333333335,10.56338028169014
BnF_394_10,True,502,2664,2163,1,True,503,2443,1929,52,unicode_word_regex_with_internal_apostrophes_and_hyphens,complete,-1,221,-0.19880715705765406,9.04625460499386
utblac_JGI_XXIII-13_Atlatlauhca_03,True,63,365,303,1,True,64,372,308,14,unicode_word_regex_with_internal_apostrophes_and_hyphens,complete,-1,-7,-1.5625,-1.881720430107527
utblac_JGI_XXIV-11_Justlahuaca_57,True,307,1690,1384,1,True,317,1708,1356,50,unicode_word_regex_with_internal_apostrophes_and_hyphens,complete,-10,-18,-3.1545741324921135,-1.053864168618267
utblac_eog_v_41_orig_03,True,166,944,779,1,True,176,959,782,23,unicode_word_regex_with_internal_apostrophes_and_hyphens,complete,-10,-15,-5.681818181818182,-1.5641293013555788
utblac_gg_mss_g62_duplicated_03,True,184,1100,917,1,True,187,1078,875,42,unicode_word_regex_with_internal_apostrophes_and_hyphens,complete,-3,22,-1.6042780748663104,2.0408163265306123
utblac_gg_mss_g62_duplicated_09,True,215,1138,924,1,True,228,1149,912,31,unicode_word_regex_with_internal_apostrophes_and_hyphens,complete,-13,-11,-5.701754385964912,-0.9573542210617928
AGI_INDIFERENTE_1529_N36_07,True,327,1894,1568,1,True,333,1853,1505,43,unicode_word_regex_with_internal_apostrophes_and_hyphens,complete,-6,41,-1.8018018018018018,2.212628170534269
AGI_INDIFERENTE_1529_N8_06,True,421,2264,1844,1,True,418,2215,1791,37,unicode_word_regex_with_internal_apostrophes_and_hyphens,complete,3,49,0.7177033492822966,2.2121896162528216
AGI_INDIFERENTE_2065_N45_09,True,191,944,753,31,True,193,947,754,31,unicode_word_regex_with_internal_apostrophes_and_hyphens,complete,-2,-3,-1.0362694300518136,-0.31678986272439286
AGN_GralParte_v006_exp617_01,True,459,2320,1860,48,True,459,2330,1870,47,unicode_word_regex_with_internal_apostrophes_and_hyphens,complete,0,-10,0.0,-0.4291845493562232
AGN_GralParte_v006_exp617_02,True,446,2239,1794,1,True,446,2093,1646,41,unicode_word_regex_with_internal_apostrophes_and_hyphens,complete,0,146,0.0,6.975633062589584
AGN_HospJesus_c474_leg267-2_exp024_7473-7537_05,True,307,1679,1373,1,True,321,1727,1406,31,unicode_word_regex_with_internal_apostrophes_and_hyphens,complete,-14,-48,-4.361370716510903,-2.779386218876665
AGN_IndiferenteVirreinal_caja4071_exp024_1,True,276,1484,1209,1,True,285,1459,1155,32,unicode_word_regex_with_internal_apostrophes_and_hyphens,complete,-9,25,-3.1578947368421053,1.7135023989033584
AGN_Inquisicion_v1568A_exp152_fs115-116v_01,True,258,1468,1212,1,True,263,1436,1173,36,unicode_word_regex_with_internal_apostrophes_and_hyphens,complete,-5,32,-1.9011406844106464,2.2284122562674096
AGS_CE_RG_L379_04,True,181,971,792,1,True,189,1003,808,38,unicode_word_regex_with_internal_apostrophes_and_hyphens,complete,-8,-32,-4.232804232804233,-3.1904287138584246
AMP_AC_v021__doc026_1,True,188,1005,816,22,True,217,1147,929,31,unicode_word_regex_with_internal_apostrophes_and_hyphens,complete,-29,-142,-13.36405529953917,-12.380122057541412
BNE_ms3047_1,True,513,2719,2204,40,True,510,2671,2148,40,unicode_word_regex_with_internal_apostrophes_and_hyphens,complete,3,48,0.5882352941176471,1.7970797454137026
BP_CM_32386_007_2,True,358,2055,1698,1,True,362,2020,1659,34,unicode_word_regex_with_internal_apostrophes_and_hyphens,complete,-4,35,-1.1049723756906076,1.7326732673267329
BnF_030_27,True,278,1364,1084,23,True,283,1328,1041,32,unicode_word_regex_with_internal_apostrophes_and_hyphens,complete,-5,36,-1.76678445229682,2.710843373493976
BnF_118_02,True,27,155,129,1,True,30,158,127,10,unicode_word_regex_with_internal_apostrophes_and_hyphens,complete,-3,-3,-10.0,-1.89873417721519
BnF_243_16,True,417,2318,1902,1,True,433,2313,1870,41,unicode_word_regex_with_internal_apostrophes_and_hyphens,complete,-16,5,-3.695150115473441,0.21616947686986598
BnF_266_03,True,766,4131,3366,1,True,793,4082,3282,70,unicode_word_regex_with_internal_apostrophes_and_hyphens,complete,-27,49,-3.4047919293820934,1.2003919647231749
BnF_394_07,True,413,2194,1782,1,True,416,1992,1569,45,unicode_word_regex_with_internal_apostrophes_and_hyphens,complete,-3,202,-0.7211538461538461,10.140562248995984
LoC_HPKraus_138_new_14,True,232,1318,1087,1,True,239,1283,1041,31,unicode_word_regex_with_internal_apostrophes_and_hyphens,complete,-7,35,-2.928870292887029,2.7279812938425563
utblac_JGI_XXIII-09_Amula_25,True,146,794,649,1,True,649,3389,2701,47,unicode_word_regex_with_internal_apostrophes_and_hyphens,complete,-503,-2595,-77.50385208012327,-76.57125995868988
utblac_wbs_1433_duplicated_1,True,544,3119,2576,1,True,580,3221,2628,31,unicode_word_regex_with_internal_apostrophes_and_hyphens,complete,-36,-102,-6.206896551724138,-3.1667184104315433
